/*
 Navicat Premium Data Transfer

 Source Server         : MySQL
 Source Server Type    : MySQL
 Source Server Version : 50724
 Source Host           : localhost:3306
 Source Schema         : peregrino_estable

 Target Server Type    : MySQL
 Target Server Version : 50724
 File Encoding         : 65001

 Date: 20/02/2020 12:54:18
*/

SET NAMES utf8mb4;
SET FOREIGN_KEY_CHECKS = 0;

-- ----------------------------
-- Table structure for cb_menus
-- ----------------------------
DROP TABLE IF EXISTS `cb_menus`;
CREATE TABLE `cb_menus`  (
  `id` int(10) UNSIGNED NOT NULL AUTO_INCREMENT,
  `name` varchar(255) CHARACTER SET utf8mb4 COLLATE utf8mb4_unicode_ci NOT NULL,
  `icon` varchar(255) CHARACTER SET utf8mb4 COLLATE utf8mb4_unicode_ci NULL DEFAULT NULL,
  `path` varchar(255) CHARACTER SET utf8mb4 COLLATE utf8mb4_unicode_ci NULL DEFAULT NULL,
  `type` varchar(255) CHARACTER SET utf8mb4 COLLATE utf8mb4_unicode_ci NOT NULL,
  `sort_number` int(11) NOT NULL DEFAULT 0,
  `cb_modules_id` int(11) NULL DEFAULT NULL,
  `parent_cb_menus_id` int(11) NULL DEFAULT NULL,
  PRIMARY KEY (`id`) USING BTREE
) ENGINE = InnoDB AUTO_INCREMENT = 37 CHARACTER SET = utf8mb4 COLLATE = utf8mb4_unicode_ci ROW_FORMAT = Dynamic;

-- ----------------------------
-- Records of cb_menus
-- ----------------------------
INSERT INTO `cb_menus` VALUES (2, 'Idiomas', 'fa fa-language', NULL, 'module', 12, 2, NULL);
INSERT INTO `cb_menus` VALUES (11, 'Hostales', 'fa fa-suitcase', NULL, 'module', 0, 8, NULL);
INSERT INTO `cb_menus` VALUES (14, 'Habitaciones', 'fa fa-hotel', NULL, 'module', 11, 11, NULL);
INSERT INTO `cb_menus` VALUES (16, 'Tipos Habitación', NULL, NULL, 'module', 2, 13, NULL);
INSERT INTO `cb_menus` VALUES (18, 'Temporadas', NULL, NULL, 'module', 3, 15, NULL);
INSERT INTO `cb_menus` VALUES (20, 'Precios', NULL, NULL, 'module', 4, 17, NULL);
INSERT INTO `cb_menus` VALUES (21, 'Facilidades', NULL, NULL, 'module', 5, 18, NULL);
INSERT INTO `cb_menus` VALUES (23, 'Temporada Fechas', NULL, NULL, 'module', 6, 20, NULL);
INSERT INTO `cb_menus` VALUES (25, 'Imágenes  Cuartos', 'fa fa-file-image-o', NULL, 'module', 9, 22, NULL);
INSERT INTO `cb_menus` VALUES (26, 'Servicios', NULL, NULL, 'module', 10, 24, NULL);
INSERT INTO `cb_menus` VALUES (27, 'About', NULL, NULL, 'module', 14, 26, NULL);
INSERT INTO `cb_menus` VALUES (29, 'About Categoría', NULL, NULL, 'module', 13, 28, NULL);
INSERT INTO `cb_menus` VALUES (30, 'Imágenes  Hostal', 'fa fa-file-image-o', NULL, 'module', 7, 30, NULL);
INSERT INTO `cb_menus` VALUES (32, 'Politicas', NULL, NULL, 'module', 1, 33, NULL);
INSERT INTO `cb_menus` VALUES (33, 'Imágenes  Servicio', 'fa fa-file-image-o', NULL, 'module', 8, 35, NULL);
INSERT INTO `cb_menus` VALUES (35, 'Generales Texto', NULL, NULL, 'module', 0, 37, NULL);
INSERT INTO `cb_menus` VALUES (36, 'Redes Sociales', NULL, NULL, 'module', 0, 38, NULL);

-- ----------------------------
-- Table structure for cb_modules
-- ----------------------------
DROP TABLE IF EXISTS `cb_modules`;
CREATE TABLE `cb_modules`  (
  `id` int(10) UNSIGNED NOT NULL AUTO_INCREMENT,
  `name` varchar(255) CHARACTER SET utf8mb4 COLLATE utf8mb4_unicode_ci NOT NULL,
  `icon` varchar(255) CHARACTER SET utf8mb4 COLLATE utf8mb4_unicode_ci NOT NULL,
  `table_name` varchar(255) CHARACTER SET utf8mb4 COLLATE utf8mb4_unicode_ci NOT NULL,
  `controller` varchar(255) CHARACTER SET utf8mb4 COLLATE utf8mb4_unicode_ci NOT NULL,
  `last_column_build` longtext CHARACTER SET utf8mb4 COLLATE utf8mb4_unicode_ci NULL,
  PRIMARY KEY (`id`) USING BTREE
) ENGINE = InnoDB AUTO_INCREMENT = 39 CHARACTER SET = utf8mb4 COLLATE = utf8mb4_unicode_ci ROW_FORMAT = Dynamic;

-- ----------------------------
-- Records of cb_modules
-- ----------------------------
INSERT INTO `cb_modules` VALUES (2, 'Idiomas', 'fa fa-language', 'locale', 'AdminIdiomaController', '[{\"column_label\":\"Code\",\"column_field\":\"code\",\"column_type\":\"text\",\"column_file_encrypt\":\"on\",\"column_image_width\":null,\"column_image_height\":null,\"column_option_table\":null,\"column_date_format\":null,\"column_text_display_limit\":150,\"column_text_max\":255,\"column_text_min\":0,\"column_money_prefix\":null,\"column_money_precision\":null,\"column_money_thousand_separator\":null,\"column_money_decimal_separator\":null,\"column_option_value\":null,\"column_option_display\":null,\"column_option_sql_condition\":null,\"column_options\":[],\"column_sql_query\":null,\"column_help\":null,\"column_mandatory\":\"on\",\"column_browse\":\"on\",\"column_detail\":\"on\",\"column_edit\":\"on\",\"column_add\":\"on\",\"column_filterable\":null,\"column_foreign\":null,\"listTableColumns\":[]},{\"column_label\":\"Name\",\"column_field\":\"name\",\"column_type\":\"text\",\"column_file_encrypt\":\"on\",\"column_image_width\":null,\"column_image_height\":null,\"column_option_table\":null,\"column_date_format\":null,\"column_text_display_limit\":150,\"column_text_max\":255,\"column_text_min\":0,\"column_money_prefix\":null,\"column_money_precision\":null,\"column_money_thousand_separator\":null,\"column_money_decimal_separator\":null,\"column_option_value\":null,\"column_option_display\":null,\"column_option_sql_condition\":null,\"column_options\":[],\"column_sql_query\":null,\"column_help\":null,\"column_mandatory\":\"on\",\"column_browse\":\"on\",\"column_detail\":\"on\",\"column_edit\":\"on\",\"column_add\":\"on\",\"column_filterable\":null,\"column_foreign\":null,\"listTableColumns\":[]},{\"column_label\":\"Active\",\"column_field\":\"active\",\"column_type\":\"radio\",\"column_file_encrypt\":\"on\",\"column_image_width\":null,\"column_image_height\":null,\"column_option_table\":null,\"column_date_format\":null,\"column_text_display_limit\":150,\"column_text_max\":255,\"column_text_min\":0,\"column_money_prefix\":null,\"column_money_precision\":null,\"column_money_thousand_separator\":null,\"column_money_decimal_separator\":null,\"column_option_value\":null,\"column_option_display\":null,\"column_option_sql_condition\":null,\"column_options\":[{\"key\":\"1\",\"label\":\"Activo\"},{\"key\":\"0\",\"label\":\"No Activo\"}],\"column_sql_query\":null,\"column_help\":null,\"column_mandatory\":\"on\",\"column_browse\":\"on\",\"column_detail\":\"on\",\"column_edit\":\"on\",\"column_add\":\"on\",\"column_filterable\":null,\"column_foreign\":null,\"listTableColumns\":[]},{\"column_label\":\"Creado\",\"column_field\":\"created_at\",\"column_type\":\"datetime\",\"column_file_encrypt\":\"on\",\"column_image_width\":null,\"column_image_height\":null,\"column_option_table\":null,\"column_date_format\":null,\"column_text_display_limit\":150,\"column_text_max\":255,\"column_text_min\":0,\"column_money_prefix\":null,\"column_money_precision\":null,\"column_money_thousand_separator\":null,\"column_money_decimal_separator\":null,\"column_option_value\":null,\"column_option_display\":null,\"column_option_sql_condition\":null,\"column_options\":[],\"column_sql_query\":null,\"column_help\":null,\"column_mandatory\":null,\"column_browse\":\"on\",\"column_detail\":\"on\",\"column_edit\":null,\"column_add\":null,\"column_filterable\":null,\"column_foreign\":null,\"listTableColumns\":[]},{\"column_label\":\"Modificado\",\"column_field\":\"updated_at\",\"column_type\":\"datetime\",\"column_file_encrypt\":\"on\",\"column_image_width\":null,\"column_image_height\":null,\"column_option_table\":null,\"column_date_format\":null,\"column_text_display_limit\":150,\"column_text_max\":255,\"column_text_min\":0,\"column_money_prefix\":null,\"column_money_precision\":null,\"column_money_thousand_separator\":null,\"column_money_decimal_separator\":null,\"column_option_value\":null,\"column_option_display\":null,\"column_option_sql_condition\":null,\"column_options\":[],\"column_sql_query\":null,\"column_help\":null,\"column_mandatory\":null,\"column_browse\":\"on\",\"column_detail\":\"on\",\"column_edit\":null,\"column_add\":null,\"column_filterable\":null,\"column_foreign\":null,\"listTableColumns\":[]},{\"column_label\":\"Icon\",\"column_field\":\"icon\",\"column_type\":\"image\",\"column_file_encrypt\":false,\"column_image_width\":\"50\",\"column_image_height\":\"50\",\"column_money_prefix\":null,\"column_money_precision\":null,\"column_money_thousand_separator\":null,\"column_money_decimal_separator\":null,\"column_text_display_limit\":null,\"column_text_max\":null,\"column_text_min\":null,\"column_date_format\":null,\"column_option_table\":null,\"column_option_value\":null,\"column_option_display\":null,\"column_option_sql_condition\":null,\"column_options\":[],\"column_sql_query\":null,\"column_help\":null,\"column_mandatory\":\"on\",\"column_browse\":\"on\",\"column_detail\":true,\"column_edit\":false,\"column_add\":false,\"column_filterable\":null,\"column_foreign\":null,\"listTableColumns\":[]},{\"column_label\":\"Bandera Icon\",\"column_field\":\"custom_icon\",\"column_type\":\"custom\",\"column_file_encrypt\":\"on\",\"column_image_width\":null,\"column_image_height\":null,\"column_money_prefix\":null,\"column_money_precision\":null,\"column_money_thousand_separator\":null,\"column_money_decimal_separator\":null,\"column_text_display_limit\":null,\"column_text_max\":null,\"column_text_min\":null,\"column_date_format\":null,\"column_option_table\":null,\"column_option_value\":null,\"column_option_display\":null,\"column_option_sql_condition\":null,\"column_options\":[],\"column_sql_query\":null,\"column_help\":null,\"column_mandatory\":false,\"column_browse\":false,\"column_detail\":\"on\",\"column_edit\":\"on\",\"column_add\":\"on\",\"column_filterable\":null,\"column_foreign\":null,\"listTableColumns\":[]}]');
INSERT INTO `cb_modules` VALUES (8, 'Hostales', 'fa fa-suitcase', 'hp_hostales', 'AdminHostalesController', '[{\"column_label\":\"Nombre\",\"column_field\":\"name-visual\",\"column_type\":\"text\",\"column_file_encrypt\":\"on\",\"column_image_width\":null,\"column_image_height\":null,\"column_option_table\":null,\"column_date_format\":null,\"column_text_display_limit\":150,\"column_text_max\":255,\"column_text_min\":0,\"column_money_prefix\":null,\"column_money_precision\":null,\"column_money_thousand_separator\":null,\"column_money_decimal_separator\":null,\"column_option_value\":null,\"column_option_display\":null,\"column_option_sql_condition\":null,\"column_options\":[],\"column_sql_query\":null,\"column_help\":null,\"column_mandatory\":\"on\",\"column_browse\":\"on\",\"column_detail\":false,\"column_edit\":false,\"column_add\":false,\"column_filterable\":true,\"column_foreign\":null,\"listTableColumns\":[]},{\"column_label\":\"Mini Descripci\\u00f3n\",\"column_field\":\"mini_description-visual\",\"column_type\":\"wysiwyg\",\"column_file_encrypt\":\"on\",\"column_image_width\":null,\"column_image_height\":null,\"column_option_table\":null,\"column_date_format\":null,\"column_text_display_limit\":150,\"column_text_max\":null,\"column_text_min\":null,\"column_money_prefix\":null,\"column_money_precision\":null,\"column_money_thousand_separator\":null,\"column_money_decimal_separator\":null,\"column_option_value\":null,\"column_option_display\":null,\"column_option_sql_condition\":null,\"column_options\":[],\"column_sql_query\":null,\"column_help\":null,\"column_mandatory\":\"on\",\"column_browse\":\"on\",\"column_detail\":false,\"column_edit\":false,\"column_add\":false,\"column_filterable\":true,\"column_foreign\":null,\"listTableColumns\":[]},{\"column_label\":\"Descripci\\u00f3n\",\"column_field\":\"description-visual\",\"column_type\":\"wysiwyg\",\"column_file_encrypt\":\"on\",\"column_image_width\":null,\"column_image_height\":null,\"column_option_table\":null,\"column_date_format\":null,\"column_text_display_limit\":150,\"column_text_max\":255,\"column_text_min\":0,\"column_money_prefix\":null,\"column_money_precision\":null,\"column_money_thousand_separator\":null,\"column_money_decimal_separator\":null,\"column_option_value\":null,\"column_option_display\":null,\"column_option_sql_condition\":null,\"column_options\":[],\"column_sql_query\":null,\"column_help\":null,\"column_mandatory\":\"on\",\"column_browse\":\"on\",\"column_detail\":false,\"column_edit\":false,\"column_add\":false,\"column_filterable\":true,\"column_foreign\":null,\"listTableColumns\":[]},{\"column_label\":\"Direccci\\u00f3n\",\"column_field\":\"address-visual\",\"column_type\":\"text\",\"column_file_encrypt\":\"on\",\"column_image_width\":null,\"column_image_height\":null,\"column_option_table\":null,\"column_date_format\":null,\"column_text_display_limit\":150,\"column_text_max\":255,\"column_text_min\":0,\"column_money_prefix\":null,\"column_money_precision\":null,\"column_money_thousand_separator\":null,\"column_money_decimal_separator\":null,\"column_option_value\":null,\"column_option_display\":null,\"column_option_sql_condition\":null,\"column_options\":[],\"column_sql_query\":null,\"column_help\":null,\"column_mandatory\":\"on\",\"column_browse\":\"on\",\"column_detail\":false,\"column_edit\":false,\"column_add\":false,\"column_filterable\":true,\"column_foreign\":null,\"listTableColumns\":[]},{\"column_label\":\"Email\",\"column_field\":\"email\",\"column_type\":\"email\",\"column_file_encrypt\":\"on\",\"column_image_width\":null,\"column_image_height\":null,\"column_option_table\":null,\"column_date_format\":null,\"column_text_display_limit\":150,\"column_text_max\":255,\"column_text_min\":0,\"column_money_prefix\":null,\"column_money_precision\":null,\"column_money_thousand_separator\":null,\"column_money_decimal_separator\":null,\"column_option_value\":null,\"column_option_display\":null,\"column_option_sql_condition\":null,\"column_options\":[],\"column_sql_query\":null,\"column_help\":null,\"column_mandatory\":\"on\",\"column_browse\":\"on\",\"column_detail\":\"on\",\"column_edit\":\"on\",\"column_add\":\"on\",\"column_filterable\":true,\"column_foreign\":null,\"listTableColumns\":[]},{\"column_label\":\"Tel\\u00e9fono\",\"column_field\":\"phone\",\"column_type\":\"number\",\"column_file_encrypt\":\"on\",\"column_image_width\":null,\"column_image_height\":null,\"column_option_table\":null,\"column_date_format\":null,\"column_text_display_limit\":150,\"column_text_max\":255,\"column_text_min\":0,\"column_money_prefix\":null,\"column_money_precision\":null,\"column_money_thousand_separator\":null,\"column_money_decimal_separator\":null,\"column_option_value\":null,\"column_option_display\":null,\"column_option_sql_condition\":null,\"column_options\":[],\"column_sql_query\":null,\"column_help\":null,\"column_mandatory\":\"on\",\"column_browse\":\"on\",\"column_detail\":\"on\",\"column_edit\":\"on\",\"column_add\":\"on\",\"column_filterable\":true,\"column_foreign\":null,\"listTableColumns\":[]},{\"column_label\":\"Latitud\",\"column_field\":\"latitude\",\"column_type\":\"text\",\"column_file_encrypt\":\"on\",\"column_image_width\":null,\"column_image_height\":null,\"column_option_table\":null,\"column_date_format\":null,\"column_text_display_limit\":150,\"column_text_max\":255,\"column_text_min\":0,\"column_money_prefix\":null,\"column_money_precision\":null,\"column_money_thousand_separator\":null,\"column_money_decimal_separator\":null,\"column_option_value\":null,\"column_option_display\":null,\"column_option_sql_condition\":null,\"column_options\":[],\"column_sql_query\":null,\"column_help\":null,\"column_mandatory\":\"on\",\"column_browse\":\"on\",\"column_detail\":\"on\",\"column_edit\":\"on\",\"column_add\":\"on\",\"column_filterable\":true,\"column_foreign\":null,\"listTableColumns\":[]},{\"column_label\":\"Longitud\",\"column_field\":\"length\",\"column_type\":\"text\",\"column_file_encrypt\":\"on\",\"column_image_width\":null,\"column_image_height\":null,\"column_option_table\":null,\"column_date_format\":null,\"column_text_display_limit\":150,\"column_text_max\":255,\"column_text_min\":0,\"column_money_prefix\":null,\"column_money_precision\":null,\"column_money_thousand_separator\":null,\"column_money_decimal_separator\":null,\"column_option_value\":null,\"column_option_display\":null,\"column_option_sql_condition\":null,\"column_options\":[],\"column_sql_query\":null,\"column_help\":null,\"column_mandatory\":\"on\",\"column_browse\":\"on\",\"column_detail\":\"on\",\"column_edit\":\"on\",\"column_add\":\"on\",\"column_filterable\":true,\"column_foreign\":null,\"listTableColumns\":[]},{\"column_label\":\"Creado\",\"column_field\":\"created_at\",\"column_type\":\"datetime\",\"column_file_encrypt\":\"on\",\"column_image_width\":null,\"column_image_height\":null,\"column_option_table\":null,\"column_date_format\":null,\"column_text_display_limit\":150,\"column_text_max\":255,\"column_text_min\":0,\"column_money_prefix\":null,\"column_money_precision\":null,\"column_money_thousand_separator\":null,\"column_money_decimal_separator\":null,\"column_option_value\":null,\"column_option_display\":null,\"column_option_sql_condition\":null,\"column_options\":[],\"column_sql_query\":null,\"column_help\":null,\"column_mandatory\":null,\"column_browse\":\"on\",\"column_detail\":\"on\",\"column_edit\":null,\"column_add\":null,\"column_filterable\":null,\"column_foreign\":null,\"listTableColumns\":[]},{\"column_label\":\"Actualizado\",\"column_field\":\"updated_at\",\"column_type\":\"datetime\",\"column_file_encrypt\":\"on\",\"column_image_width\":null,\"column_image_height\":null,\"column_option_table\":null,\"column_date_format\":null,\"column_text_display_limit\":150,\"column_text_max\":255,\"column_text_min\":0,\"column_money_prefix\":null,\"column_money_precision\":null,\"column_money_thousand_separator\":null,\"column_money_decimal_separator\":null,\"column_option_value\":null,\"column_option_display\":null,\"column_option_sql_condition\":null,\"column_options\":[],\"column_sql_query\":null,\"column_help\":null,\"column_mandatory\":null,\"column_browse\":\"on\",\"column_detail\":\"on\",\"column_edit\":null,\"column_add\":null,\"column_filterable\":null,\"column_foreign\":null,\"listTableColumns\":[]}]');
INSERT INTO `cb_modules` VALUES (9, 'Hostales Traducciones', 'fa fa-bars', 'hp_hostales_translations', 'AdminHostalesTraduccionesController', '[{\"column_label\":\"Hostal\",\"column_field\":\"hostal_id\",\"column_type\":\"select_table\",\"column_file_encrypt\":\"on\",\"column_image_width\":null,\"column_image_height\":null,\"column_option_table\":\"hp_hostales\",\"column_date_format\":null,\"column_text_display_limit\":150,\"column_text_max\":255,\"column_text_min\":0,\"column_money_prefix\":null,\"column_money_precision\":null,\"column_money_thousand_separator\":null,\"column_money_decimal_separator\":null,\"column_option_value\":\"id\",\"column_option_display\":\"name-visual\",\"column_option_sql_condition\":null,\"column_options\":[],\"column_sql_query\":null,\"column_help\":null,\"column_mandatory\":\"on\",\"column_browse\":\"on\",\"column_detail\":\"on\",\"column_edit\":\"on\",\"column_add\":\"on\",\"column_filterable\":null,\"column_foreign\":null,\"listTableColumns\":[{\"column\":\"id\",\"primary_key\":true,\"display\":false},{\"column\":\"name-visual\",\"primary_key\":false,\"display\":true},{\"column\":\"mini_description-visual\",\"primary_key\":false,\"display\":false},{\"column\":\"description-visual\",\"primary_key\":false,\"display\":false},{\"column\":\"address-visual\",\"primary_key\":false,\"display\":false},{\"column\":\"email\",\"primary_key\":false,\"display\":false},{\"column\":\"phone\",\"primary_key\":false,\"display\":false},{\"column\":\"latitude\",\"primary_key\":false,\"display\":false},{\"column\":\"length\",\"primary_key\":false,\"display\":false},{\"column\":\"created_at\",\"primary_key\":false,\"display\":false},{\"column\":\"updated_at\",\"primary_key\":false,\"display\":false}]},{\"column_label\":\"Nomre\",\"column_field\":\"name\",\"column_type\":\"text\",\"column_file_encrypt\":\"on\",\"column_image_width\":null,\"column_image_height\":null,\"column_option_table\":null,\"column_date_format\":null,\"column_text_display_limit\":150,\"column_text_max\":255,\"column_text_min\":0,\"column_money_prefix\":null,\"column_money_precision\":null,\"column_money_thousand_separator\":null,\"column_money_decimal_separator\":null,\"column_option_value\":null,\"column_option_display\":null,\"column_option_sql_condition\":null,\"column_options\":[],\"column_sql_query\":null,\"column_help\":null,\"column_mandatory\":\"on\",\"column_browse\":\"on\",\"column_detail\":\"on\",\"column_edit\":\"on\",\"column_add\":\"on\",\"column_filterable\":null,\"column_foreign\":null,\"listTableColumns\":[]},{\"column_label\":\"Peque\\u00f1a Descripci\\u00f3n\",\"column_field\":\"mini_description\",\"column_type\":\"wysiwyg\",\"column_file_encrypt\":\"on\",\"column_image_width\":null,\"column_image_height\":null,\"column_option_table\":null,\"column_date_format\":null,\"column_text_display_limit\":150,\"column_text_max\":255,\"column_text_min\":0,\"column_money_prefix\":null,\"column_money_precision\":null,\"column_money_thousand_separator\":null,\"column_money_decimal_separator\":null,\"column_option_value\":null,\"column_option_display\":null,\"column_option_sql_condition\":null,\"column_options\":[],\"column_sql_query\":null,\"column_help\":null,\"column_mandatory\":\"on\",\"column_browse\":\"on\",\"column_detail\":\"on\",\"column_edit\":\"on\",\"column_add\":\"on\",\"column_filterable\":null,\"column_foreign\":null,\"listTableColumns\":[]},{\"column_label\":\"Descripci\\u00f3n\",\"column_field\":\"description\",\"column_type\":\"wysiwyg\",\"column_file_encrypt\":\"on\",\"column_image_width\":null,\"column_image_height\":null,\"column_option_table\":null,\"column_date_format\":null,\"column_text_display_limit\":150,\"column_text_max\":255,\"column_text_min\":0,\"column_money_prefix\":null,\"column_money_precision\":null,\"column_money_thousand_separator\":null,\"column_money_decimal_separator\":null,\"column_option_value\":null,\"column_option_display\":null,\"column_option_sql_condition\":null,\"column_options\":[],\"column_sql_query\":null,\"column_help\":null,\"column_mandatory\":\"on\",\"column_browse\":\"on\",\"column_detail\":\"on\",\"column_edit\":\"on\",\"column_add\":\"on\",\"column_filterable\":null,\"column_foreign\":null,\"listTableColumns\":[]},{\"column_label\":\"Direcci\\u00f3n\",\"column_field\":\"address\",\"column_type\":\"text\",\"column_file_encrypt\":\"on\",\"column_image_width\":null,\"column_image_height\":null,\"column_option_table\":null,\"column_date_format\":null,\"column_text_display_limit\":150,\"column_text_max\":255,\"column_text_min\":0,\"column_money_prefix\":null,\"column_money_precision\":null,\"column_money_thousand_separator\":null,\"column_money_decimal_separator\":null,\"column_option_value\":null,\"column_option_display\":null,\"column_option_sql_condition\":null,\"column_options\":[],\"column_sql_query\":null,\"column_help\":null,\"column_mandatory\":\"on\",\"column_browse\":\"on\",\"column_detail\":\"on\",\"column_edit\":\"on\",\"column_add\":\"on\",\"column_filterable\":null,\"column_foreign\":null,\"listTableColumns\":[]},{\"column_label\":\"Idioma\",\"column_field\":\"locale\",\"column_type\":\"select_table\",\"column_file_encrypt\":\"on\",\"column_image_width\":null,\"column_image_height\":null,\"column_option_table\":\"locale\",\"column_date_format\":null,\"column_text_display_limit\":150,\"column_text_max\":255,\"column_text_min\":0,\"column_money_prefix\":null,\"column_money_precision\":null,\"column_money_thousand_separator\":null,\"column_money_decimal_separator\":null,\"column_option_value\":\"code\",\"column_option_display\":\"name\",\"column_option_sql_condition\":null,\"column_options\":[],\"column_sql_query\":null,\"column_help\":null,\"column_mandatory\":\"on\",\"column_browse\":\"on\",\"column_detail\":\"on\",\"column_edit\":\"on\",\"column_add\":\"on\",\"column_filterable\":null,\"column_foreign\":null,\"listTableColumns\":[{\"column\":\"id\",\"primary_key\":true,\"display\":false},{\"column\":\"code\",\"primary_key\":false,\"display\":false},{\"column\":\"name\",\"primary_key\":false,\"display\":true},{\"column\":\"icon\",\"primary_key\":false,\"display\":false},{\"column\":\"active\",\"primary_key\":false,\"display\":false},{\"column\":\"created_at\",\"primary_key\":false,\"display\":false},{\"column\":\"updated_at\",\"primary_key\":false,\"display\":false}]},{\"column_label\":\"Icon\",\"column_field\":\"icon\",\"column_type\":\"image\",\"column_file_encrypt\":\"on\",\"column_image_width\":\"50\",\"column_image_height\":\"50\",\"column_option_table\":null,\"column_date_format\":null,\"column_text_display_limit\":150,\"column_text_max\":255,\"column_text_min\":0,\"column_money_prefix\":null,\"column_money_precision\":null,\"column_money_thousand_separator\":null,\"column_money_decimal_separator\":null,\"column_option_value\":null,\"column_option_display\":null,\"column_option_sql_condition\":null,\"column_options\":[],\"column_sql_query\":null,\"column_help\":null,\"column_mandatory\":\"on\",\"column_browse\":\"on\",\"column_detail\":\"on\",\"column_edit\":\"on\",\"column_add\":\"on\",\"column_filterable\":null,\"column_foreign\":null,\"listTableColumns\":[]}]');
INSERT INTO `cb_modules` VALUES (11, 'Habitaciones', 'fa fa-hotel', 'hp_rooms', 'AdminHabitacionesController', '[{\"column_label\":\"Creado\",\"column_field\":\"created_at\",\"column_type\":\"datetime\",\"column_file_encrypt\":\"on\",\"column_image_width\":null,\"column_image_height\":null,\"column_option_table\":null,\"column_date_format\":null,\"column_text_display_limit\":150,\"column_text_max\":255,\"column_text_min\":0,\"column_money_prefix\":null,\"column_money_precision\":null,\"column_money_thousand_separator\":null,\"column_money_decimal_separator\":null,\"column_option_value\":null,\"column_option_display\":null,\"column_option_sql_condition\":null,\"column_options\":[],\"column_sql_query\":null,\"column_help\":null,\"column_mandatory\":null,\"column_browse\":\"on\",\"column_detail\":\"on\",\"column_edit\":null,\"column_add\":null,\"column_filterable\":null,\"column_foreign\":null,\"listTableColumns\":[]},{\"column_label\":\"Actualizado\",\"column_field\":\"updated_at\",\"column_type\":\"datetime\",\"column_file_encrypt\":\"on\",\"column_image_width\":null,\"column_image_height\":null,\"column_option_table\":null,\"column_date_format\":null,\"column_text_display_limit\":150,\"column_text_max\":255,\"column_text_min\":0,\"column_money_prefix\":null,\"column_money_precision\":null,\"column_money_thousand_separator\":null,\"column_money_decimal_separator\":null,\"column_option_value\":null,\"column_option_display\":null,\"column_option_sql_condition\":null,\"column_options\":[],\"column_sql_query\":null,\"column_help\":null,\"column_mandatory\":null,\"column_browse\":\"on\",\"column_detail\":\"on\",\"column_edit\":null,\"column_add\":null,\"column_filterable\":null,\"column_foreign\":null,\"listTableColumns\":[]},{\"column_label\":\"Hostal\",\"column_field\":\"hostal_id\",\"column_type\":\"select_table\",\"column_file_encrypt\":\"on\",\"column_image_width\":null,\"column_image_height\":null,\"column_option_table\":\"hp_hostales\",\"column_date_format\":null,\"column_text_display_limit\":150,\"column_text_max\":255,\"column_text_min\":0,\"column_money_prefix\":null,\"column_money_precision\":null,\"column_money_thousand_separator\":null,\"column_money_decimal_separator\":null,\"column_option_value\":\"id\",\"column_option_display\":\"name-visual\",\"column_option_sql_condition\":null,\"column_options\":[],\"column_sql_query\":null,\"column_help\":null,\"column_mandatory\":\"on\",\"column_browse\":\"on\",\"column_detail\":\"on\",\"column_edit\":\"on\",\"column_add\":\"on\",\"column_filterable\":null,\"column_foreign\":null,\"listTableColumns\":[{\"column\":\"id\",\"primary_key\":true,\"display\":false},{\"column\":\"name-visual\",\"primary_key\":false,\"display\":true},{\"column\":\"mini_description-visual\",\"primary_key\":false,\"display\":false},{\"column\":\"description-visual\",\"primary_key\":false,\"display\":false},{\"column\":\"address-visual\",\"primary_key\":false,\"display\":false},{\"column\":\"email\",\"primary_key\":false,\"display\":false},{\"column\":\"phone\",\"primary_key\":false,\"display\":false},{\"column\":\"latitude\",\"primary_key\":false,\"display\":false},{\"column\":\"length\",\"primary_key\":false,\"display\":false},{\"column\":\"created_at\",\"primary_key\":false,\"display\":false},{\"column\":\"updated_at\",\"primary_key\":false,\"display\":false}]},{\"column_label\":\"Tipo Habitaci\\u00f3n\",\"column_field\":\"type_room_id\",\"column_type\":\"select_table\",\"column_file_encrypt\":\"on\",\"column_image_width\":null,\"column_image_height\":null,\"column_option_table\":\"hp_types_room\",\"column_date_format\":null,\"column_text_display_limit\":150,\"column_text_max\":255,\"column_text_min\":0,\"column_money_prefix\":null,\"column_money_precision\":null,\"column_money_thousand_separator\":null,\"column_money_decimal_separator\":null,\"column_option_value\":\"id\",\"column_option_display\":\"name-visual\",\"column_option_sql_condition\":null,\"column_options\":[],\"column_sql_query\":null,\"column_help\":null,\"column_mandatory\":\"on\",\"column_browse\":\"on\",\"column_detail\":\"on\",\"column_edit\":\"on\",\"column_add\":\"on\",\"column_filterable\":null,\"column_foreign\":null,\"listTableColumns\":[{\"column\":\"id\",\"primary_key\":true,\"display\":false},{\"column\":\"name-visual\",\"primary_key\":false,\"display\":true},{\"column\":\"description-visual\",\"primary_key\":false,\"display\":false},{\"column\":\"created_at\",\"primary_key\":false,\"display\":false},{\"column\":\"updated_at\",\"primary_key\":false,\"display\":false}]},{\"column_label\":\"Nombre\",\"column_field\":\"name-visual\",\"column_type\":\"text\",\"column_file_encrypt\":\"on\",\"column_image_width\":null,\"column_image_height\":null,\"column_option_table\":null,\"column_date_format\":null,\"column_text_display_limit\":150,\"column_text_max\":255,\"column_text_min\":0,\"column_money_prefix\":null,\"column_money_precision\":null,\"column_money_thousand_separator\":null,\"column_money_decimal_separator\":null,\"column_option_value\":null,\"column_option_display\":null,\"column_option_sql_condition\":null,\"column_options\":[],\"column_sql_query\":null,\"column_help\":null,\"column_mandatory\":\"on\",\"column_browse\":\"on\",\"column_detail\":\"on\",\"column_edit\":\"on\",\"column_add\":\"on\",\"column_filterable\":null,\"column_foreign\":null,\"listTableColumns\":[]},{\"column_label\":\"Descripci\\u00f3n\",\"column_field\":\"description-visual\",\"column_type\":\"wysiwyg\",\"column_file_encrypt\":\"on\",\"column_image_width\":null,\"column_image_height\":null,\"column_option_table\":null,\"column_date_format\":null,\"column_text_display_limit\":150,\"column_text_max\":255,\"column_text_min\":0,\"column_money_prefix\":null,\"column_money_precision\":null,\"column_money_thousand_separator\":null,\"column_money_decimal_separator\":null,\"column_option_value\":null,\"column_option_display\":null,\"column_option_sql_condition\":null,\"column_options\":[],\"column_sql_query\":null,\"column_help\":null,\"column_mandatory\":\"on\",\"column_browse\":\"on\",\"column_detail\":\"on\",\"column_edit\":\"on\",\"column_add\":\"on\",\"column_filterable\":null,\"column_foreign\":null,\"listTableColumns\":[]}]');
INSERT INTO `cb_modules` VALUES (12, 'Habitaciones Traducciones', 'fa fa-flag', 'hp_rooms_translations', 'AdminHabitacionesTraduccionesController', '[{\"column_label\":\"Room\",\"column_field\":\"room_id\",\"column_type\":\"select_table\",\"column_file_encrypt\":\"on\",\"column_image_width\":null,\"column_image_height\":null,\"column_option_table\":\"hp_rooms\",\"column_date_format\":null,\"column_text_display_limit\":150,\"column_text_max\":255,\"column_text_min\":0,\"column_money_prefix\":null,\"column_money_precision\":null,\"column_money_thousand_separator\":null,\"column_money_decimal_separator\":null,\"column_option_value\":\"id\",\"column_option_display\":\"name-visual\",\"column_option_sql_condition\":null,\"column_options\":[],\"column_sql_query\":null,\"column_help\":null,\"column_mandatory\":\"on\",\"column_browse\":\"on\",\"column_detail\":\"on\",\"column_edit\":\"on\",\"column_add\":\"on\",\"column_filterable\":null,\"column_foreign\":null,\"listTableColumns\":[{\"column\":\"id\",\"primary_key\":true,\"display\":false},{\"column\":\"created_at\",\"primary_key\":false,\"display\":false},{\"column\":\"updated_at\",\"primary_key\":false,\"display\":false},{\"column\":\"hostal_id\",\"primary_key\":false,\"display\":false},{\"column\":\"type_room_id\",\"primary_key\":false,\"display\":false},{\"column\":\"name-visual\",\"primary_key\":false,\"display\":true},{\"column\":\"description-visual\",\"primary_key\":false,\"display\":false}]},{\"column_label\":\"Nombre\",\"column_field\":\"name\",\"column_type\":\"text\",\"column_file_encrypt\":\"on\",\"column_image_width\":null,\"column_image_height\":null,\"column_option_table\":null,\"column_date_format\":null,\"column_text_display_limit\":150,\"column_text_max\":255,\"column_text_min\":0,\"column_money_prefix\":null,\"column_money_precision\":null,\"column_money_thousand_separator\":null,\"column_money_decimal_separator\":null,\"column_option_value\":null,\"column_option_display\":null,\"column_option_sql_condition\":null,\"column_options\":[],\"column_sql_query\":null,\"column_help\":null,\"column_mandatory\":\"on\",\"column_browse\":\"on\",\"column_detail\":\"on\",\"column_edit\":\"on\",\"column_add\":\"on\",\"column_filterable\":null,\"column_foreign\":null,\"listTableColumns\":[]},{\"column_label\":\"Descripci\\u00f3n\",\"column_field\":\"description\",\"column_type\":\"wysiwyg\",\"column_file_encrypt\":\"on\",\"column_image_width\":null,\"column_image_height\":null,\"column_option_table\":null,\"column_date_format\":null,\"column_text_display_limit\":150,\"column_text_max\":255,\"column_text_min\":0,\"column_money_prefix\":null,\"column_money_precision\":null,\"column_money_thousand_separator\":null,\"column_money_decimal_separator\":null,\"column_option_value\":null,\"column_option_display\":null,\"column_option_sql_condition\":null,\"column_options\":[],\"column_sql_query\":null,\"column_help\":null,\"column_mandatory\":\"on\",\"column_browse\":\"on\",\"column_detail\":\"on\",\"column_edit\":\"on\",\"column_add\":\"on\",\"column_filterable\":null,\"column_foreign\":null,\"listTableColumns\":[]},{\"column_label\":\"Idioma\",\"column_field\":\"locale\",\"column_type\":\"select_table\",\"column_file_encrypt\":\"on\",\"column_image_width\":null,\"column_image_height\":null,\"column_option_table\":\"locale\",\"column_date_format\":null,\"column_text_display_limit\":150,\"column_text_max\":255,\"column_text_min\":0,\"column_money_prefix\":null,\"column_money_precision\":null,\"column_money_thousand_separator\":null,\"column_money_decimal_separator\":null,\"column_option_value\":\"code\",\"column_option_display\":\"name\",\"column_option_sql_condition\":null,\"column_options\":[],\"column_sql_query\":null,\"column_help\":null,\"column_mandatory\":\"on\",\"column_browse\":\"on\",\"column_detail\":\"on\",\"column_edit\":\"on\",\"column_add\":\"on\",\"column_filterable\":null,\"column_foreign\":null,\"listTableColumns\":[{\"column\":\"id\",\"primary_key\":true,\"display\":false},{\"column\":\"code\",\"primary_key\":false,\"display\":false},{\"column\":\"name\",\"primary_key\":false,\"display\":true},{\"column\":\"icon\",\"primary_key\":false,\"display\":false},{\"column\":\"active\",\"primary_key\":false,\"display\":false},{\"column\":\"created_at\",\"primary_key\":false,\"display\":false},{\"column\":\"updated_at\",\"primary_key\":false,\"display\":false}]},{\"column_label\":\"Icon\",\"column_field\":\"icon\",\"column_type\":\"image\",\"column_file_encrypt\":\"on\",\"column_image_width\":null,\"column_image_height\":null,\"column_option_table\":null,\"column_date_format\":null,\"column_text_display_limit\":150,\"column_text_max\":255,\"column_text_min\":0,\"column_money_prefix\":null,\"column_money_precision\":null,\"column_money_thousand_separator\":null,\"column_money_decimal_separator\":null,\"column_option_value\":null,\"column_option_display\":null,\"column_option_sql_condition\":null,\"column_options\":[],\"column_sql_query\":null,\"column_help\":null,\"column_mandatory\":\"on\",\"column_browse\":\"on\",\"column_detail\":\"on\",\"column_edit\":\"on\",\"column_add\":\"on\",\"column_filterable\":null,\"column_foreign\":null,\"listTableColumns\":[]}]');
INSERT INTO `cb_modules` VALUES (13, 'Tipos Habitación', 'fa fa-navicon', 'hp_types_room', 'AdminTiposHabitacionController', '[{\"column_label\":\"Nombre\",\"column_field\":\"name-visual\",\"column_type\":\"text\",\"column_file_encrypt\":\"on\",\"column_image_width\":null,\"column_image_height\":null,\"column_option_table\":null,\"column_date_format\":null,\"column_text_display_limit\":150,\"column_text_max\":255,\"column_text_min\":0,\"column_money_prefix\":null,\"column_money_precision\":null,\"column_money_thousand_separator\":null,\"column_money_decimal_separator\":null,\"column_option_value\":null,\"column_option_display\":null,\"column_option_sql_condition\":null,\"column_options\":[],\"column_sql_query\":null,\"column_help\":null,\"column_mandatory\":false,\"column_browse\":\"on\",\"column_detail\":false,\"column_edit\":false,\"column_add\":false,\"column_filterable\":null,\"column_foreign\":null,\"listTableColumns\":[]},{\"column_label\":\"Descripci\\u00f3n\",\"column_field\":\"description-visual\",\"column_type\":\"wysiwyg\",\"column_file_encrypt\":\"on\",\"column_image_width\":null,\"column_image_height\":null,\"column_option_table\":null,\"column_date_format\":null,\"column_text_display_limit\":150,\"column_text_max\":255,\"column_text_min\":0,\"column_money_prefix\":null,\"column_money_precision\":null,\"column_money_thousand_separator\":null,\"column_money_decimal_separator\":null,\"column_option_value\":null,\"column_option_display\":null,\"column_option_sql_condition\":null,\"column_options\":[],\"column_sql_query\":null,\"column_help\":null,\"column_mandatory\":false,\"column_browse\":\"on\",\"column_detail\":false,\"column_edit\":false,\"column_add\":false,\"column_filterable\":null,\"column_foreign\":null,\"listTableColumns\":[]},{\"column_label\":\"Creado\",\"column_field\":\"created_at\",\"column_type\":\"datetime\",\"column_file_encrypt\":\"on\",\"column_image_width\":null,\"column_image_height\":null,\"column_option_table\":null,\"column_date_format\":null,\"column_text_display_limit\":150,\"column_text_max\":255,\"column_text_min\":0,\"column_money_prefix\":null,\"column_money_precision\":null,\"column_money_thousand_separator\":null,\"column_money_decimal_separator\":null,\"column_option_value\":null,\"column_option_display\":null,\"column_option_sql_condition\":null,\"column_options\":[],\"column_sql_query\":null,\"column_help\":null,\"column_mandatory\":null,\"column_browse\":\"on\",\"column_detail\":\"on\",\"column_edit\":null,\"column_add\":null,\"column_filterable\":null,\"column_foreign\":null,\"listTableColumns\":[]},{\"column_label\":\"Actualizado\",\"column_field\":\"updated_at\",\"column_type\":\"datetime\",\"column_file_encrypt\":\"on\",\"column_image_width\":null,\"column_image_height\":null,\"column_option_table\":null,\"column_date_format\":null,\"column_text_display_limit\":150,\"column_text_max\":255,\"column_text_min\":0,\"column_money_prefix\":null,\"column_money_precision\":null,\"column_money_thousand_separator\":null,\"column_money_decimal_separator\":null,\"column_option_value\":null,\"column_option_display\":null,\"column_option_sql_condition\":null,\"column_options\":[],\"column_sql_query\":null,\"column_help\":null,\"column_mandatory\":null,\"column_browse\":\"on\",\"column_detail\":\"on\",\"column_edit\":null,\"column_add\":null,\"column_filterable\":null,\"column_foreign\":null,\"listTableColumns\":[]}]');
INSERT INTO `cb_modules` VALUES (14, 'Tipos Habitaciones Traducciones', 'fa fa-flag', 'hp_types_room_translations', 'AdminTiposHabitacionesTraduccionesController', '[{\"column_label\":\"Tipo Habitaci\\u00f3n\",\"column_field\":\"type_room_id\",\"column_type\":\"select_table\",\"column_file_encrypt\":\"on\",\"column_image_width\":null,\"column_image_height\":null,\"column_option_table\":\"hp_types_room\",\"column_date_format\":null,\"column_text_display_limit\":150,\"column_text_max\":255,\"column_text_min\":0,\"column_money_prefix\":null,\"column_money_precision\":null,\"column_money_thousand_separator\":null,\"column_money_decimal_separator\":null,\"column_option_value\":\"id\",\"column_option_display\":\"name-visual\",\"column_option_sql_condition\":null,\"column_options\":[],\"column_sql_query\":null,\"column_help\":null,\"column_mandatory\":\"on\",\"column_browse\":\"on\",\"column_detail\":\"on\",\"column_edit\":\"on\",\"column_add\":\"on\",\"column_filterable\":null,\"column_foreign\":null,\"listTableColumns\":[{\"column\":\"id\",\"primary_key\":true,\"display\":false},{\"column\":\"name-visual\",\"primary_key\":false,\"display\":true},{\"column\":\"description-visual\",\"primary_key\":false,\"display\":false},{\"column\":\"created_at\",\"primary_key\":false,\"display\":false},{\"column\":\"updated_at\",\"primary_key\":false,\"display\":false}]},{\"column_label\":\"Nombre\",\"column_field\":\"name\",\"column_type\":\"text\",\"column_file_encrypt\":\"on\",\"column_image_width\":null,\"column_image_height\":null,\"column_option_table\":null,\"column_date_format\":null,\"column_text_display_limit\":150,\"column_text_max\":255,\"column_text_min\":0,\"column_money_prefix\":null,\"column_money_precision\":null,\"column_money_thousand_separator\":null,\"column_money_decimal_separator\":null,\"column_option_value\":null,\"column_option_display\":null,\"column_option_sql_condition\":null,\"column_options\":[],\"column_sql_query\":null,\"column_help\":null,\"column_mandatory\":\"on\",\"column_browse\":\"on\",\"column_detail\":\"on\",\"column_edit\":\"on\",\"column_add\":\"on\",\"column_filterable\":null,\"column_foreign\":null,\"listTableColumns\":[]},{\"column_label\":\"Descripci\\u00f3n\",\"column_field\":\"description\",\"column_type\":\"wysiwyg\",\"column_file_encrypt\":\"on\",\"column_image_width\":null,\"column_image_height\":null,\"column_option_table\":null,\"column_date_format\":null,\"column_text_display_limit\":150,\"column_text_max\":255,\"column_text_min\":0,\"column_money_prefix\":null,\"column_money_precision\":null,\"column_money_thousand_separator\":null,\"column_money_decimal_separator\":null,\"column_option_value\":null,\"column_option_display\":null,\"column_option_sql_condition\":null,\"column_options\":[],\"column_sql_query\":null,\"column_help\":null,\"column_mandatory\":\"on\",\"column_browse\":\"on\",\"column_detail\":\"on\",\"column_edit\":\"on\",\"column_add\":\"on\",\"column_filterable\":null,\"column_foreign\":null,\"listTableColumns\":[]},{\"column_label\":\"Idioma\",\"column_field\":\"locale\",\"column_type\":\"select_table\",\"column_file_encrypt\":\"on\",\"column_image_width\":null,\"column_image_height\":null,\"column_option_table\":\"locale\",\"column_date_format\":null,\"column_text_display_limit\":150,\"column_text_max\":255,\"column_text_min\":0,\"column_money_prefix\":null,\"column_money_precision\":null,\"column_money_thousand_separator\":null,\"column_money_decimal_separator\":null,\"column_option_value\":\"code\",\"column_option_display\":\"name\",\"column_option_sql_condition\":null,\"column_options\":[],\"column_sql_query\":null,\"column_help\":null,\"column_mandatory\":\"on\",\"column_browse\":false,\"column_detail\":\"on\",\"column_edit\":\"on\",\"column_add\":\"on\",\"column_filterable\":null,\"column_foreign\":null,\"listTableColumns\":[{\"column\":\"id\",\"primary_key\":true,\"display\":false},{\"column\":\"code\",\"primary_key\":false,\"display\":false},{\"column\":\"name\",\"primary_key\":false,\"display\":true},{\"column\":\"icon\",\"primary_key\":false,\"display\":false},{\"column\":\"active\",\"primary_key\":false,\"display\":false},{\"column\":\"created_at\",\"primary_key\":false,\"display\":false},{\"column\":\"updated_at\",\"primary_key\":false,\"display\":false}]},{\"column_label\":\"Icon\",\"column_field\":\"icon\",\"column_type\":\"image\",\"column_file_encrypt\":\"on\",\"column_image_width\":null,\"column_image_height\":null,\"column_option_table\":null,\"column_date_format\":null,\"column_text_display_limit\":150,\"column_text_max\":255,\"column_text_min\":0,\"column_money_prefix\":null,\"column_money_precision\":null,\"column_money_thousand_separator\":null,\"column_money_decimal_separator\":null,\"column_option_value\":null,\"column_option_display\":null,\"column_option_sql_condition\":null,\"column_options\":[],\"column_sql_query\":null,\"column_help\":null,\"column_mandatory\":\"on\",\"column_browse\":\"on\",\"column_detail\":\"on\",\"column_edit\":\"on\",\"column_add\":\"on\",\"column_filterable\":null,\"column_foreign\":null,\"listTableColumns\":[]}]');
INSERT INTO `cb_modules` VALUES (15, 'Temporadas', 'fa fa-snowflake-o', 'hp_seasons', 'AdminTemporadasController', '[{\"column_label\":\"Creado\",\"column_field\":\"created_at\",\"column_type\":\"datetime\",\"column_file_encrypt\":\"on\",\"column_image_width\":null,\"column_image_height\":null,\"column_option_table\":null,\"column_date_format\":null,\"column_text_display_limit\":150,\"column_text_max\":255,\"column_text_min\":0,\"column_money_prefix\":null,\"column_money_precision\":null,\"column_money_thousand_separator\":null,\"column_money_decimal_separator\":null,\"column_option_value\":null,\"column_option_display\":null,\"column_option_sql_condition\":null,\"column_options\":[],\"column_sql_query\":null,\"column_help\":null,\"column_mandatory\":null,\"column_browse\":\"on\",\"column_detail\":\"on\",\"column_edit\":null,\"column_add\":null,\"column_filterable\":null,\"column_foreign\":null,\"listTableColumns\":[]},{\"column_label\":\"Actualizado\",\"column_field\":\"updated_at\",\"column_type\":\"datetime\",\"column_file_encrypt\":\"on\",\"column_image_width\":null,\"column_image_height\":null,\"column_option_table\":null,\"column_date_format\":null,\"column_text_display_limit\":150,\"column_text_max\":255,\"column_text_min\":0,\"column_money_prefix\":null,\"column_money_precision\":null,\"column_money_thousand_separator\":null,\"column_money_decimal_separator\":null,\"column_option_value\":null,\"column_option_display\":null,\"column_option_sql_condition\":null,\"column_options\":[],\"column_sql_query\":null,\"column_help\":null,\"column_mandatory\":null,\"column_browse\":\"on\",\"column_detail\":\"on\",\"column_edit\":null,\"column_add\":null,\"column_filterable\":null,\"column_foreign\":null,\"listTableColumns\":[]},{\"column_label\":\"Nombre\",\"column_field\":\"name-visual\",\"column_type\":\"text\",\"column_file_encrypt\":\"on\",\"column_image_width\":null,\"column_image_height\":null,\"column_option_table\":null,\"column_date_format\":null,\"column_text_display_limit\":150,\"column_text_max\":255,\"column_text_min\":0,\"column_money_prefix\":null,\"column_money_precision\":null,\"column_money_thousand_separator\":null,\"column_money_decimal_separator\":null,\"column_option_value\":null,\"column_option_display\":null,\"column_option_sql_condition\":null,\"column_options\":[],\"column_sql_query\":null,\"column_help\":null,\"column_mandatory\":false,\"column_browse\":\"on\",\"column_detail\":false,\"column_edit\":false,\"column_add\":false,\"column_filterable\":null,\"column_foreign\":null,\"listTableColumns\":[]}]');
INSERT INTO `cb_modules` VALUES (16, 'Temporadas Traducciones', 'fa fa-flag', 'hp_seasons_translations', 'AdminTemporadasTraduccionesController', '[{\"column_label\":\"Temporada\",\"column_field\":\"season_id\",\"column_type\":\"select_table\",\"column_file_encrypt\":\"on\",\"column_image_width\":null,\"column_image_height\":null,\"column_option_table\":\"hp_seasons\",\"column_date_format\":null,\"column_text_display_limit\":150,\"column_text_max\":255,\"column_text_min\":0,\"column_money_prefix\":null,\"column_money_precision\":null,\"column_money_thousand_separator\":null,\"column_money_decimal_separator\":null,\"column_option_value\":\"id\",\"column_option_display\":\"name-visual\",\"column_option_sql_condition\":null,\"column_options\":[],\"column_sql_query\":null,\"column_help\":null,\"column_mandatory\":\"on\",\"column_browse\":\"on\",\"column_detail\":\"on\",\"column_edit\":\"on\",\"column_add\":\"on\",\"column_filterable\":null,\"column_foreign\":null,\"listTableColumns\":[{\"column\":\"id\",\"primary_key\":true,\"display\":false},{\"column\":\"created_at\",\"primary_key\":false,\"display\":false},{\"column\":\"updated_at\",\"primary_key\":false,\"display\":false},{\"column\":\"name-visual\",\"primary_key\":false,\"display\":true}]},{\"column_label\":\"Nombre\",\"column_field\":\"name\",\"column_type\":\"text\",\"column_file_encrypt\":\"on\",\"column_image_width\":null,\"column_image_height\":null,\"column_option_table\":null,\"column_date_format\":null,\"column_text_display_limit\":150,\"column_text_max\":255,\"column_text_min\":0,\"column_money_prefix\":null,\"column_money_precision\":null,\"column_money_thousand_separator\":null,\"column_money_decimal_separator\":null,\"column_option_value\":null,\"column_option_display\":null,\"column_option_sql_condition\":null,\"column_options\":[],\"column_sql_query\":null,\"column_help\":null,\"column_mandatory\":\"on\",\"column_browse\":\"on\",\"column_detail\":\"on\",\"column_edit\":\"on\",\"column_add\":\"on\",\"column_filterable\":null,\"column_foreign\":null,\"listTableColumns\":[]},{\"column_label\":\"Idioma\",\"column_field\":\"locale\",\"column_type\":\"select_table\",\"column_file_encrypt\":\"on\",\"column_image_width\":null,\"column_image_height\":null,\"column_option_table\":\"locale\",\"column_date_format\":null,\"column_text_display_limit\":150,\"column_text_max\":255,\"column_text_min\":0,\"column_money_prefix\":null,\"column_money_precision\":null,\"column_money_thousand_separator\":null,\"column_money_decimal_separator\":null,\"column_option_value\":\"code\",\"column_option_display\":\"name\",\"column_option_sql_condition\":null,\"column_options\":[],\"column_sql_query\":null,\"column_help\":null,\"column_mandatory\":\"on\",\"column_browse\":\"on\",\"column_detail\":\"on\",\"column_edit\":\"on\",\"column_add\":\"on\",\"column_filterable\":null,\"column_foreign\":null,\"listTableColumns\":[{\"column\":\"id\",\"primary_key\":true,\"display\":false},{\"column\":\"code\",\"primary_key\":false,\"display\":false},{\"column\":\"name\",\"primary_key\":false,\"display\":true},{\"column\":\"icon\",\"primary_key\":false,\"display\":false},{\"column\":\"active\",\"primary_key\":false,\"display\":false},{\"column\":\"created_at\",\"primary_key\":false,\"display\":false},{\"column\":\"updated_at\",\"primary_key\":false,\"display\":false}]},{\"column_label\":\"Icon\",\"column_field\":\"icon\",\"column_type\":\"image\",\"column_file_encrypt\":\"on\",\"column_image_width\":null,\"column_image_height\":null,\"column_option_table\":null,\"column_date_format\":null,\"column_text_display_limit\":150,\"column_text_max\":255,\"column_text_min\":0,\"column_money_prefix\":null,\"column_money_precision\":null,\"column_money_thousand_separator\":null,\"column_money_decimal_separator\":null,\"column_option_value\":null,\"column_option_display\":null,\"column_option_sql_condition\":null,\"column_options\":[],\"column_sql_query\":null,\"column_help\":null,\"column_mandatory\":\"on\",\"column_browse\":\"on\",\"column_detail\":\"on\",\"column_edit\":\"on\",\"column_add\":\"on\",\"column_filterable\":null,\"column_foreign\":null,\"listTableColumns\":[]}]');
INSERT INTO `cb_modules` VALUES (17, 'Precios', 'fa fa-usd', 'hp_prices', 'AdminPreciosController', '[{\"column_label\":\"Precio\",\"column_field\":\"price\",\"column_type\":\"money\",\"column_file_encrypt\":\"on\",\"column_image_width\":null,\"column_image_height\":null,\"column_option_table\":null,\"column_date_format\":null,\"column_text_display_limit\":150,\"column_text_max\":255,\"column_text_min\":0,\"column_money_prefix\":null,\"column_money_precision\":null,\"column_money_thousand_separator\":null,\"column_money_decimal_separator\":null,\"column_option_value\":null,\"column_option_display\":null,\"column_option_sql_condition\":null,\"column_options\":[],\"column_sql_query\":null,\"column_help\":null,\"column_mandatory\":\"on\",\"column_browse\":\"on\",\"column_detail\":\"on\",\"column_edit\":\"on\",\"column_add\":\"on\",\"column_filterable\":null,\"column_foreign\":null,\"listTableColumns\":[]},{\"column_label\":\"Temporada\",\"column_field\":\"season_id\",\"column_type\":\"select_table\",\"column_file_encrypt\":\"on\",\"column_image_width\":null,\"column_image_height\":null,\"column_option_table\":\"hp_seasons\",\"column_date_format\":null,\"column_text_display_limit\":150,\"column_text_max\":255,\"column_text_min\":0,\"column_money_prefix\":null,\"column_money_precision\":null,\"column_money_thousand_separator\":null,\"column_money_decimal_separator\":null,\"column_option_value\":\"id\",\"column_option_display\":\"name-visual\",\"column_option_sql_condition\":null,\"column_options\":[],\"column_sql_query\":null,\"column_help\":null,\"column_mandatory\":\"on\",\"column_browse\":\"on\",\"column_detail\":\"on\",\"column_edit\":\"on\",\"column_add\":\"on\",\"column_filterable\":null,\"column_foreign\":null,\"listTableColumns\":[{\"column\":\"id\",\"primary_key\":true,\"display\":false},{\"column\":\"created_at\",\"primary_key\":false,\"display\":false},{\"column\":\"updated_at\",\"primary_key\":false,\"display\":false},{\"column\":\"name-visual\",\"primary_key\":false,\"display\":true}]},{\"column_label\":\"Hostal\",\"column_field\":\"hostal_id\",\"column_type\":\"select_table\",\"column_file_encrypt\":\"on\",\"column_image_width\":null,\"column_image_height\":null,\"column_option_table\":\"hp_hostales\",\"column_date_format\":null,\"column_text_display_limit\":150,\"column_text_max\":255,\"column_text_min\":0,\"column_money_prefix\":null,\"column_money_precision\":null,\"column_money_thousand_separator\":null,\"column_money_decimal_separator\":null,\"column_option_value\":\"id\",\"column_option_display\":\"name-visual\",\"column_option_sql_condition\":null,\"column_options\":[],\"column_sql_query\":null,\"column_help\":null,\"column_mandatory\":\"on\",\"column_browse\":\"on\",\"column_detail\":\"on\",\"column_edit\":\"on\",\"column_add\":\"on\",\"column_filterable\":null,\"column_foreign\":null,\"listTableColumns\":[{\"column\":\"id\",\"primary_key\":true,\"display\":false},{\"column\":\"name-visual\",\"primary_key\":false,\"display\":true},{\"column\":\"mini_description-visual\",\"primary_key\":false,\"display\":false},{\"column\":\"description-visual\",\"primary_key\":false,\"display\":false},{\"column\":\"address-visual\",\"primary_key\":false,\"display\":false},{\"column\":\"email\",\"primary_key\":false,\"display\":false},{\"column\":\"phone\",\"primary_key\":false,\"display\":false},{\"column\":\"latitude\",\"primary_key\":false,\"display\":false},{\"column\":\"length\",\"primary_key\":false,\"display\":false},{\"column\":\"created_at\",\"primary_key\":false,\"display\":false},{\"column\":\"updated_at\",\"primary_key\":false,\"display\":false}]},{\"column_label\":\"Room\",\"column_field\":\"room_id\",\"column_type\":\"select_table\",\"column_file_encrypt\":\"on\",\"column_image_width\":null,\"column_image_height\":null,\"column_option_table\":\"hp_rooms\",\"column_date_format\":null,\"column_text_display_limit\":150,\"column_text_max\":255,\"column_text_min\":0,\"column_money_prefix\":null,\"column_money_precision\":null,\"column_money_thousand_separator\":null,\"column_money_decimal_separator\":null,\"column_option_value\":\"id\",\"column_option_display\":\"name-visual\",\"column_option_sql_condition\":null,\"column_options\":[],\"column_sql_query\":null,\"column_help\":null,\"column_mandatory\":\"on\",\"column_browse\":\"on\",\"column_detail\":\"on\",\"column_edit\":\"on\",\"column_add\":\"on\",\"column_filterable\":null,\"column_foreign\":null,\"listTableColumns\":[{\"column\":\"id\",\"primary_key\":true,\"display\":false},{\"column\":\"created_at\",\"primary_key\":false,\"display\":false},{\"column\":\"updated_at\",\"primary_key\":false,\"display\":false},{\"column\":\"hostal_id\",\"primary_key\":false,\"display\":false},{\"column\":\"type_room_id\",\"primary_key\":false,\"display\":false},{\"column\":\"name-visual\",\"primary_key\":false,\"display\":true},{\"column\":\"description-visual\",\"primary_key\":false,\"display\":false}]},{\"column_label\":\"Creado\",\"column_field\":\"created_at\",\"column_type\":\"datetime\",\"column_file_encrypt\":\"on\",\"column_image_width\":null,\"column_image_height\":null,\"column_option_table\":null,\"column_date_format\":null,\"column_text_display_limit\":150,\"column_text_max\":255,\"column_text_min\":0,\"column_money_prefix\":null,\"column_money_precision\":null,\"column_money_thousand_separator\":null,\"column_money_decimal_separator\":null,\"column_option_value\":null,\"column_option_display\":null,\"column_option_sql_condition\":null,\"column_options\":[],\"column_sql_query\":null,\"column_help\":null,\"column_mandatory\":null,\"column_browse\":\"on\",\"column_detail\":\"on\",\"column_edit\":null,\"column_add\":null,\"column_filterable\":null,\"column_foreign\":null,\"listTableColumns\":[]},{\"column_label\":\"Actualizado\",\"column_field\":\"updated_at\",\"column_type\":\"datetime\",\"column_file_encrypt\":\"on\",\"column_image_width\":null,\"column_image_height\":null,\"column_option_table\":null,\"column_date_format\":null,\"column_text_display_limit\":150,\"column_text_max\":255,\"column_text_min\":0,\"column_money_prefix\":null,\"column_money_precision\":null,\"column_money_thousand_separator\":null,\"column_money_decimal_separator\":null,\"column_option_value\":null,\"column_option_display\":null,\"column_option_sql_condition\":null,\"column_options\":[],\"column_sql_query\":null,\"column_help\":null,\"column_mandatory\":null,\"column_browse\":\"on\",\"column_detail\":\"on\",\"column_edit\":null,\"column_add\":null,\"column_filterable\":null,\"column_foreign\":null,\"listTableColumns\":[]}]');
INSERT INTO `cb_modules` VALUES (18, 'Facilidades', 'fa fa-magic', 'hp_conforts', 'AdminFacilidadesController', '[{\"column_label\":\"Nombre\",\"column_field\":\"name-visual\",\"column_type\":\"text\",\"column_file_encrypt\":\"on\",\"column_image_width\":null,\"column_image_height\":null,\"column_option_table\":null,\"column_date_format\":null,\"column_text_display_limit\":150,\"column_text_max\":255,\"column_text_min\":0,\"column_money_prefix\":null,\"column_money_precision\":null,\"column_money_thousand_separator\":null,\"column_money_decimal_separator\":null,\"column_option_value\":null,\"column_option_display\":null,\"column_option_sql_condition\":null,\"column_options\":[],\"column_sql_query\":null,\"column_help\":null,\"column_mandatory\":\"on\",\"column_browse\":\"on\",\"column_detail\":false,\"column_edit\":false,\"column_add\":false,\"column_filterable\":null,\"column_foreign\":null,\"listTableColumns\":[]},{\"column_label\":\"Creado\",\"column_field\":\"created_at\",\"column_type\":\"datetime\",\"column_file_encrypt\":\"on\",\"column_image_width\":null,\"column_image_height\":null,\"column_option_table\":null,\"column_date_format\":null,\"column_text_display_limit\":150,\"column_text_max\":255,\"column_text_min\":0,\"column_money_prefix\":null,\"column_money_precision\":null,\"column_money_thousand_separator\":null,\"column_money_decimal_separator\":null,\"column_option_value\":null,\"column_option_display\":null,\"column_option_sql_condition\":null,\"column_options\":[],\"column_sql_query\":null,\"column_help\":null,\"column_mandatory\":null,\"column_browse\":\"on\",\"column_detail\":\"on\",\"column_edit\":null,\"column_add\":null,\"column_filterable\":null,\"column_foreign\":null,\"listTableColumns\":[]},{\"column_label\":\"Actualizado\",\"column_field\":\"updated_at\",\"column_type\":\"datetime\",\"column_file_encrypt\":\"on\",\"column_image_width\":null,\"column_image_height\":null,\"column_option_table\":null,\"column_date_format\":null,\"column_text_display_limit\":150,\"column_text_max\":255,\"column_text_min\":0,\"column_money_prefix\":null,\"column_money_precision\":null,\"column_money_thousand_separator\":null,\"column_money_decimal_separator\":null,\"column_option_value\":null,\"column_option_display\":null,\"column_option_sql_condition\":null,\"column_options\":[],\"column_sql_query\":null,\"column_help\":null,\"column_mandatory\":null,\"column_browse\":\"on\",\"column_detail\":\"on\",\"column_edit\":null,\"column_add\":null,\"column_filterable\":null,\"column_foreign\":null,\"listTableColumns\":[]}]');
INSERT INTO `cb_modules` VALUES (19, 'Facilidades Traducciones', 'fa fa-flag', 'hp_conforts_translations', 'AdminFacilidadesTraduccionesController', '[{\"column_label\":\"Confort\",\"column_field\":\"confort_id\",\"column_type\":\"select_table\",\"column_file_encrypt\":\"on\",\"column_image_width\":null,\"column_image_height\":null,\"column_option_table\":\"hp_conforts\",\"column_date_format\":null,\"column_text_display_limit\":150,\"column_text_max\":255,\"column_text_min\":0,\"column_money_prefix\":null,\"column_money_precision\":null,\"column_money_thousand_separator\":null,\"column_money_decimal_separator\":null,\"column_option_value\":\"id\",\"column_option_display\":\"name-visual\",\"column_option_sql_condition\":null,\"column_options\":[],\"column_sql_query\":null,\"column_help\":null,\"column_mandatory\":\"on\",\"column_browse\":\"on\",\"column_detail\":\"on\",\"column_edit\":\"on\",\"column_add\":\"on\",\"column_filterable\":null,\"column_foreign\":null,\"listTableColumns\":[{\"column\":\"id\",\"primary_key\":true,\"display\":false},{\"column\":\"name-visual\",\"primary_key\":false,\"display\":true},{\"column\":\"created_at\",\"primary_key\":false,\"display\":false},{\"column\":\"updated_at\",\"primary_key\":false,\"display\":false}]},{\"column_label\":\"Nombre\",\"column_field\":\"name\",\"column_type\":\"text\",\"column_file_encrypt\":\"on\",\"column_image_width\":null,\"column_image_height\":null,\"column_option_table\":null,\"column_date_format\":null,\"column_text_display_limit\":150,\"column_text_max\":255,\"column_text_min\":0,\"column_money_prefix\":null,\"column_money_precision\":null,\"column_money_thousand_separator\":null,\"column_money_decimal_separator\":null,\"column_option_value\":null,\"column_option_display\":null,\"column_option_sql_condition\":null,\"column_options\":[],\"column_sql_query\":null,\"column_help\":null,\"column_mandatory\":\"on\",\"column_browse\":\"on\",\"column_detail\":false,\"column_edit\":false,\"column_add\":false,\"column_filterable\":null,\"column_foreign\":null,\"listTableColumns\":[]},{\"column_label\":\"Idioma\",\"column_field\":\"locale\",\"column_type\":\"select_table\",\"column_file_encrypt\":\"on\",\"column_image_width\":null,\"column_image_height\":null,\"column_option_table\":\"locale\",\"column_date_format\":null,\"column_text_display_limit\":150,\"column_text_max\":255,\"column_text_min\":0,\"column_money_prefix\":null,\"column_money_precision\":null,\"column_money_thousand_separator\":null,\"column_money_decimal_separator\":null,\"column_option_value\":\"code\",\"column_option_display\":\"name\",\"column_option_sql_condition\":null,\"column_options\":[],\"column_sql_query\":null,\"column_help\":null,\"column_mandatory\":\"on\",\"column_browse\":\"on\",\"column_detail\":\"on\",\"column_edit\":\"on\",\"column_add\":\"on\",\"column_filterable\":null,\"column_foreign\":null,\"listTableColumns\":[{\"column\":\"id\",\"primary_key\":true,\"display\":false},{\"column\":\"code\",\"primary_key\":false,\"display\":false},{\"column\":\"name\",\"primary_key\":false,\"display\":true},{\"column\":\"icon\",\"primary_key\":false,\"display\":false},{\"column\":\"active\",\"primary_key\":false,\"display\":false},{\"column\":\"created_at\",\"primary_key\":false,\"display\":false},{\"column\":\"updated_at\",\"primary_key\":false,\"display\":false}]},{\"column_label\":\"Icon\",\"column_field\":\"icon\",\"column_type\":\"image\",\"column_file_encrypt\":\"on\",\"column_image_width\":null,\"column_image_height\":null,\"column_option_table\":null,\"column_date_format\":null,\"column_text_display_limit\":150,\"column_text_max\":255,\"column_text_min\":0,\"column_money_prefix\":null,\"column_money_precision\":null,\"column_money_thousand_separator\":null,\"column_money_decimal_separator\":null,\"column_option_value\":null,\"column_option_display\":null,\"column_option_sql_condition\":null,\"column_options\":[],\"column_sql_query\":null,\"column_help\":null,\"column_mandatory\":\"on\",\"column_browse\":\"on\",\"column_detail\":\"on\",\"column_edit\":\"on\",\"column_add\":\"on\",\"column_filterable\":null,\"column_foreign\":null,\"listTableColumns\":[]}]');
INSERT INTO `cb_modules` VALUES (20, 'Temporada Fechas', 'fa fa-calendar', 'hp_seasons_date', 'AdminTempordaFechasController', '[{\"column_label\":\"Comienzo\",\"column_field\":\"begin\",\"column_type\":\"date\",\"column_file_encrypt\":\"on\",\"column_image_width\":null,\"column_image_height\":null,\"column_option_table\":null,\"column_date_format\":\"Y-m-d\",\"column_text_display_limit\":150,\"column_text_max\":255,\"column_text_min\":0,\"column_money_prefix\":null,\"column_money_precision\":null,\"column_money_thousand_separator\":null,\"column_money_decimal_separator\":null,\"column_option_value\":null,\"column_option_display\":null,\"column_option_sql_condition\":null,\"column_options\":[],\"column_sql_query\":null,\"column_help\":null,\"column_mandatory\":\"on\",\"column_browse\":\"on\",\"column_detail\":\"on\",\"column_edit\":\"on\",\"column_add\":\"on\",\"column_filterable\":null,\"column_foreign\":null,\"listTableColumns\":[]},{\"column_label\":\"Final\",\"column_field\":\"end\",\"column_type\":\"date\",\"column_file_encrypt\":\"on\",\"column_image_width\":null,\"column_image_height\":null,\"column_option_table\":null,\"column_date_format\":\"Y-m-d\",\"column_text_display_limit\":150,\"column_text_max\":255,\"column_text_min\":0,\"column_money_prefix\":null,\"column_money_precision\":null,\"column_money_thousand_separator\":null,\"column_money_decimal_separator\":null,\"column_option_value\":null,\"column_option_display\":null,\"column_option_sql_condition\":null,\"column_options\":[],\"column_sql_query\":null,\"column_help\":null,\"column_mandatory\":\"on\",\"column_browse\":\"on\",\"column_detail\":\"on\",\"column_edit\":\"on\",\"column_add\":\"on\",\"column_filterable\":null,\"column_foreign\":null,\"listTableColumns\":[]},{\"column_label\":\"Temporada\",\"column_field\":\"season_id\",\"column_type\":\"select_table\",\"column_file_encrypt\":\"on\",\"column_image_width\":null,\"column_image_height\":null,\"column_option_table\":\"hp_seasons\",\"column_date_format\":null,\"column_text_display_limit\":150,\"column_text_max\":255,\"column_text_min\":0,\"column_money_prefix\":null,\"column_money_precision\":null,\"column_money_thousand_separator\":null,\"column_money_decimal_separator\":null,\"column_option_value\":\"id\",\"column_option_display\":\"name-visual\",\"column_option_sql_condition\":null,\"column_options\":[],\"column_sql_query\":null,\"column_help\":null,\"column_mandatory\":\"on\",\"column_browse\":\"on\",\"column_detail\":\"on\",\"column_edit\":\"on\",\"column_add\":\"on\",\"column_filterable\":null,\"column_foreign\":null,\"listTableColumns\":[{\"column\":\"id\",\"primary_key\":true,\"display\":false},{\"column\":\"created_at\",\"primary_key\":false,\"display\":false},{\"column\":\"updated_at\",\"primary_key\":false,\"display\":false},{\"column\":\"name-visual\",\"primary_key\":false,\"display\":true}]},{\"column_label\":\"Creado\",\"column_field\":\"created_at\",\"column_type\":\"datetime\",\"column_file_encrypt\":\"on\",\"column_image_width\":null,\"column_image_height\":null,\"column_option_table\":null,\"column_date_format\":null,\"column_text_display_limit\":150,\"column_text_max\":255,\"column_text_min\":0,\"column_money_prefix\":null,\"column_money_precision\":null,\"column_money_thousand_separator\":null,\"column_money_decimal_separator\":null,\"column_option_value\":null,\"column_option_display\":null,\"column_option_sql_condition\":null,\"column_options\":[],\"column_sql_query\":null,\"column_help\":null,\"column_mandatory\":null,\"column_browse\":\"on\",\"column_detail\":\"on\",\"column_edit\":null,\"column_add\":null,\"column_filterable\":null,\"column_foreign\":null,\"listTableColumns\":[]},{\"column_label\":\"Actualizado\",\"column_field\":\"updated_at\",\"column_type\":\"datetime\",\"column_file_encrypt\":\"on\",\"column_image_width\":null,\"column_image_height\":null,\"column_option_table\":null,\"column_date_format\":null,\"column_text_display_limit\":150,\"column_text_max\":255,\"column_text_min\":0,\"column_money_prefix\":null,\"column_money_precision\":null,\"column_money_thousand_separator\":null,\"column_money_decimal_separator\":null,\"column_option_value\":null,\"column_option_display\":null,\"column_option_sql_condition\":null,\"column_options\":[],\"column_sql_query\":null,\"column_help\":null,\"column_mandatory\":null,\"column_browse\":\"on\",\"column_detail\":\"on\",\"column_edit\":null,\"column_add\":null,\"column_filterable\":null,\"column_foreign\":null,\"listTableColumns\":[]}]');
INSERT INTO `cb_modules` VALUES (22, 'Imagenes', 'fa fa-file-image-o', 'hp_images', 'AdminImagenesController', '[{\"column_label\":\"Nombre\",\"column_field\":\"name-visual\",\"column_type\":\"text\",\"column_file_encrypt\":\"on\",\"column_image_width\":null,\"column_image_height\":null,\"column_option_table\":null,\"column_date_format\":null,\"column_text_display_limit\":150,\"column_text_max\":255,\"column_text_min\":0,\"column_money_prefix\":null,\"column_money_precision\":null,\"column_money_thousand_separator\":null,\"column_money_decimal_separator\":null,\"column_option_value\":null,\"column_option_display\":null,\"column_option_sql_condition\":null,\"column_options\":[],\"column_sql_query\":null,\"column_help\":null,\"column_mandatory\":false,\"column_browse\":\"on\",\"column_detail\":false,\"column_edit\":false,\"column_add\":false,\"column_filterable\":null,\"column_foreign\":null,\"listTableColumns\":[]},{\"column_label\":\"Descripci\\u00f3n\",\"column_field\":\"description-visual\",\"column_type\":\"wysiwyg\",\"column_file_encrypt\":\"on\",\"column_image_width\":null,\"column_image_height\":null,\"column_option_table\":null,\"column_date_format\":null,\"column_text_display_limit\":150,\"column_text_max\":255,\"column_text_min\":0,\"column_money_prefix\":null,\"column_money_precision\":null,\"column_money_thousand_separator\":null,\"column_money_decimal_separator\":null,\"column_option_value\":null,\"column_option_display\":null,\"column_option_sql_condition\":null,\"column_options\":[],\"column_sql_query\":null,\"column_help\":null,\"column_mandatory\":false,\"column_browse\":\"on\",\"column_detail\":false,\"column_edit\":false,\"column_add\":false,\"column_filterable\":null,\"column_foreign\":null,\"listTableColumns\":[]},{\"column_label\":\"Url\",\"column_field\":\"url\",\"column_type\":\"image\",\"column_file_encrypt\":false,\"column_image_width\":null,\"column_image_height\":null,\"column_option_table\":null,\"column_date_format\":null,\"column_text_display_limit\":150,\"column_text_max\":255,\"column_text_min\":0,\"column_money_prefix\":null,\"column_money_precision\":null,\"column_money_thousand_separator\":null,\"column_money_decimal_separator\":null,\"column_option_value\":null,\"column_option_display\":null,\"column_option_sql_condition\":null,\"column_options\":[],\"column_sql_query\":null,\"column_help\":null,\"column_mandatory\":\"on\",\"column_browse\":\"on\",\"column_detail\":\"on\",\"column_edit\":\"on\",\"column_add\":\"on\",\"column_filterable\":null,\"column_foreign\":null,\"listTableColumns\":[]},{\"column_label\":\"Imagen Principal\",\"column_field\":\"main\",\"column_type\":\"radio\",\"column_file_encrypt\":\"on\",\"column_image_width\":null,\"column_image_height\":null,\"column_option_table\":null,\"column_date_format\":null,\"column_text_display_limit\":150,\"column_text_max\":255,\"column_text_min\":0,\"column_money_prefix\":null,\"column_money_precision\":null,\"column_money_thousand_separator\":null,\"column_money_decimal_separator\":null,\"column_option_value\":null,\"column_option_display\":null,\"column_option_sql_condition\":null,\"column_options\":[{\"key\":\"1\",\"label\":\"True\"},{\"key\":\"0\",\"label\":\"False\"}],\"column_sql_query\":null,\"column_help\":null,\"column_mandatory\":\"on\",\"column_browse\":\"on\",\"column_detail\":\"on\",\"column_edit\":\"on\",\"column_add\":\"on\",\"column_filterable\":null,\"column_foreign\":null,\"listTableColumns\":[]},{\"column_label\":\"Hostal\",\"column_field\":\"hostal_id\",\"column_type\":\"select_table\",\"column_file_encrypt\":\"on\",\"column_image_width\":null,\"column_image_height\":null,\"column_option_table\":\"hp_hostales\",\"column_date_format\":null,\"column_text_display_limit\":150,\"column_text_max\":255,\"column_text_min\":0,\"column_money_prefix\":null,\"column_money_precision\":null,\"column_money_thousand_separator\":null,\"column_money_decimal_separator\":null,\"column_option_value\":\"id\",\"column_option_display\":\"name-visual\",\"column_option_sql_condition\":null,\"column_options\":[],\"column_sql_query\":null,\"column_help\":null,\"column_mandatory\":\"on\",\"column_browse\":\"on\",\"column_detail\":\"on\",\"column_edit\":\"on\",\"column_add\":\"on\",\"column_filterable\":null,\"column_foreign\":null,\"listTableColumns\":[{\"column\":\"id\",\"primary_key\":true,\"display\":false},{\"column\":\"phone\",\"primary_key\":false,\"display\":false},{\"column\":\"latitude\",\"primary_key\":false,\"display\":false},{\"column\":\"length\",\"primary_key\":false,\"display\":false},{\"column\":\"email\",\"primary_key\":false,\"display\":false},{\"column\":\"name-visual\",\"primary_key\":false,\"display\":true},{\"column\":\"mini_description-visual\",\"primary_key\":false,\"display\":false},{\"column\":\"description-visual\",\"primary_key\":false,\"display\":false},{\"column\":\"address-visual\",\"primary_key\":false,\"display\":false},{\"column\":\"created_at\",\"primary_key\":false,\"display\":false},{\"column\":\"updated_at\",\"primary_key\":false,\"display\":false}]},{\"column_label\":\"Room\",\"column_field\":\"room_id\",\"column_type\":\"select_table\",\"column_file_encrypt\":\"on\",\"column_image_width\":null,\"column_image_height\":null,\"column_option_table\":\"hp_rooms\",\"column_date_format\":null,\"column_text_display_limit\":150,\"column_text_max\":255,\"column_text_min\":0,\"column_money_prefix\":null,\"column_money_precision\":null,\"column_money_thousand_separator\":null,\"column_money_decimal_separator\":null,\"column_option_value\":\"id\",\"column_option_display\":\"name-visual\",\"column_option_sql_condition\":null,\"column_options\":[],\"column_sql_query\":null,\"column_help\":null,\"column_mandatory\":\"on\",\"column_browse\":\"on\",\"column_detail\":\"on\",\"column_edit\":\"on\",\"column_add\":\"on\",\"column_filterable\":null,\"column_foreign\":null,\"listTableColumns\":[{\"column\":\"id\",\"primary_key\":true,\"display\":false},{\"column\":\"hostal_id\",\"primary_key\":false,\"display\":false},{\"column\":\"type_room_id\",\"primary_key\":false,\"display\":false},{\"column\":\"name-visual\",\"primary_key\":false,\"display\":true},{\"column\":\"description-visual\",\"primary_key\":false,\"display\":false},{\"column\":\"created_at\",\"primary_key\":false,\"display\":false},{\"column\":\"updated_at\",\"primary_key\":false,\"display\":false}]},{\"column_label\":\"Creado\",\"column_field\":\"created_at\",\"column_type\":\"datetime\",\"column_file_encrypt\":\"on\",\"column_image_width\":null,\"column_image_height\":null,\"column_option_table\":null,\"column_date_format\":null,\"column_text_display_limit\":150,\"column_text_max\":255,\"column_text_min\":0,\"column_money_prefix\":null,\"column_money_precision\":null,\"column_money_thousand_separator\":null,\"column_money_decimal_separator\":null,\"column_option_value\":null,\"column_option_display\":null,\"column_option_sql_condition\":null,\"column_options\":[],\"column_sql_query\":null,\"column_help\":null,\"column_mandatory\":null,\"column_browse\":\"on\",\"column_detail\":\"on\",\"column_edit\":null,\"column_add\":null,\"column_filterable\":null,\"column_foreign\":null,\"listTableColumns\":[]},{\"column_label\":\"Actualizado\",\"column_field\":\"updated_at\",\"column_type\":\"datetime\",\"column_file_encrypt\":\"on\",\"column_image_width\":null,\"column_image_height\":null,\"column_option_table\":null,\"column_date_format\":null,\"column_text_display_limit\":150,\"column_text_max\":255,\"column_text_min\":0,\"column_money_prefix\":null,\"column_money_precision\":null,\"column_money_thousand_separator\":null,\"column_money_decimal_separator\":null,\"column_option_value\":null,\"column_option_display\":null,\"column_option_sql_condition\":null,\"column_options\":[],\"column_sql_query\":null,\"column_help\":null,\"column_mandatory\":null,\"column_browse\":\"on\",\"column_detail\":\"on\",\"column_edit\":null,\"column_add\":null,\"column_filterable\":null,\"column_foreign\":null,\"listTableColumns\":[]}]');
INSERT INTO `cb_modules` VALUES (23, 'Imagenes Traducciones', 'fa fa-flag', 'hp_images_translations', 'AdminImagenesTraduccionesController', '[{\"column_label\":\"Image\",\"column_field\":\"image_id\",\"column_type\":\"select_table\",\"column_file_encrypt\":\"on\",\"column_image_width\":null,\"column_image_height\":null,\"column_option_table\":\"hp_images\",\"column_date_format\":null,\"column_text_display_limit\":150,\"column_text_max\":255,\"column_text_min\":0,\"column_money_prefix\":null,\"column_money_precision\":null,\"column_money_thousand_separator\":null,\"column_money_decimal_separator\":null,\"column_option_value\":\"id\",\"column_option_display\":\"name-visual\",\"column_option_sql_condition\":null,\"column_options\":[],\"column_sql_query\":null,\"column_help\":null,\"column_mandatory\":\"on\",\"column_browse\":\"on\",\"column_detail\":\"on\",\"column_edit\":\"on\",\"column_add\":\"on\",\"column_filterable\":null,\"column_foreign\":null,\"listTableColumns\":[{\"column\":\"id\",\"primary_key\":true,\"display\":false},{\"column\":\"name-visual\",\"primary_key\":false,\"display\":true},{\"column\":\"description-visual\",\"primary_key\":false,\"display\":false},{\"column\":\"url\",\"primary_key\":false,\"display\":false},{\"column\":\"main\",\"primary_key\":false,\"display\":false},{\"column\":\"hostal_id\",\"primary_key\":false,\"display\":false},{\"column\":\"room_id\",\"primary_key\":false,\"display\":false},{\"column\":\"created_at\",\"primary_key\":false,\"display\":false},{\"column\":\"updated_at\",\"primary_key\":false,\"display\":false}]},{\"column_label\":\"Nombre\",\"column_field\":\"name\",\"column_type\":\"text\",\"column_file_encrypt\":\"on\",\"column_image_width\":null,\"column_image_height\":null,\"column_option_table\":null,\"column_date_format\":null,\"column_text_display_limit\":150,\"column_text_max\":255,\"column_text_min\":0,\"column_money_prefix\":null,\"column_money_precision\":null,\"column_money_thousand_separator\":null,\"column_money_decimal_separator\":null,\"column_option_value\":null,\"column_option_display\":null,\"column_option_sql_condition\":null,\"column_options\":[],\"column_sql_query\":null,\"column_help\":null,\"column_mandatory\":\"on\",\"column_browse\":\"on\",\"column_detail\":\"on\",\"column_edit\":\"on\",\"column_add\":\"on\",\"column_filterable\":null,\"column_foreign\":null,\"listTableColumns\":[]},{\"column_label\":\"Descripci\\u00f3n\",\"column_field\":\"description\",\"column_type\":\"wysiwyg\",\"column_file_encrypt\":\"on\",\"column_image_width\":null,\"column_image_height\":null,\"column_option_table\":null,\"column_date_format\":null,\"column_text_display_limit\":150,\"column_text_max\":255,\"column_text_min\":0,\"column_money_prefix\":null,\"column_money_precision\":null,\"column_money_thousand_separator\":null,\"column_money_decimal_separator\":null,\"column_option_value\":null,\"column_option_display\":null,\"column_option_sql_condition\":null,\"column_options\":[],\"column_sql_query\":null,\"column_help\":null,\"column_mandatory\":\"on\",\"column_browse\":\"on\",\"column_detail\":\"on\",\"column_edit\":\"on\",\"column_add\":\"on\",\"column_filterable\":null,\"column_foreign\":null,\"listTableColumns\":[]},{\"column_label\":\"Idioma\",\"column_field\":\"locale\",\"column_type\":\"select_table\",\"column_file_encrypt\":\"on\",\"column_image_width\":null,\"column_image_height\":null,\"column_option_table\":\"locale\",\"column_date_format\":null,\"column_text_display_limit\":150,\"column_text_max\":255,\"column_text_min\":0,\"column_money_prefix\":null,\"column_money_precision\":null,\"column_money_thousand_separator\":null,\"column_money_decimal_separator\":null,\"column_option_value\":\"code\",\"column_option_display\":\"name\",\"column_option_sql_condition\":null,\"column_options\":[],\"column_sql_query\":null,\"column_help\":null,\"column_mandatory\":\"on\",\"column_browse\":\"on\",\"column_detail\":\"on\",\"column_edit\":\"on\",\"column_add\":\"on\",\"column_filterable\":null,\"column_foreign\":null,\"listTableColumns\":[{\"column\":\"id\",\"primary_key\":true,\"display\":false},{\"column\":\"code\",\"primary_key\":false,\"display\":false},{\"column\":\"name\",\"primary_key\":false,\"display\":true},{\"column\":\"icon\",\"primary_key\":false,\"display\":false},{\"column\":\"active\",\"primary_key\":false,\"display\":false},{\"column\":\"created_at\",\"primary_key\":false,\"display\":false},{\"column\":\"updated_at\",\"primary_key\":false,\"display\":false}]},{\"column_label\":\"Icon\",\"column_field\":\"icon\",\"column_type\":\"text\",\"column_file_encrypt\":\"on\",\"column_image_width\":null,\"column_image_height\":null,\"column_option_table\":null,\"column_date_format\":null,\"column_text_display_limit\":150,\"column_text_max\":255,\"column_text_min\":0,\"column_money_prefix\":null,\"column_money_precision\":null,\"column_money_thousand_separator\":null,\"column_money_decimal_separator\":null,\"column_option_value\":null,\"column_option_display\":null,\"column_option_sql_condition\":null,\"column_options\":[],\"column_sql_query\":null,\"column_help\":null,\"column_mandatory\":\"on\",\"column_browse\":\"on\",\"column_detail\":\"on\",\"column_edit\":\"on\",\"column_add\":\"on\",\"column_filterable\":null,\"column_foreign\":null,\"listTableColumns\":[]}]');
INSERT INTO `cb_modules` VALUES (24, 'Servicios', 'fa fa-shopping-basket', 'hp_services', 'AdminServiciosController', '[{\"column_label\":\"Nombre\",\"column_field\":\"name-visual\",\"column_type\":\"text\",\"column_file_encrypt\":\"on\",\"column_image_width\":null,\"column_image_height\":null,\"column_option_table\":null,\"column_date_format\":null,\"column_text_display_limit\":150,\"column_text_max\":255,\"column_text_min\":0,\"column_money_prefix\":null,\"column_money_precision\":null,\"column_money_thousand_separator\":null,\"column_money_decimal_separator\":null,\"column_option_value\":null,\"column_option_display\":null,\"column_option_sql_condition\":null,\"column_options\":[],\"column_sql_query\":null,\"column_help\":null,\"column_mandatory\":\"on\",\"column_browse\":\"on\",\"column_detail\":\"on\",\"column_edit\":\"on\",\"column_add\":\"on\",\"column_filterable\":null,\"column_foreign\":null,\"listTableColumns\":[]},{\"column_label\":\"Descripci\\u00f3n\",\"column_field\":\"description-visual\",\"column_type\":\"wysiwyg\",\"column_file_encrypt\":\"on\",\"column_image_width\":null,\"column_image_height\":null,\"column_option_table\":null,\"column_date_format\":null,\"column_text_display_limit\":150,\"column_text_max\":255,\"column_text_min\":0,\"column_money_prefix\":null,\"column_money_precision\":null,\"column_money_thousand_separator\":null,\"column_money_decimal_separator\":null,\"column_option_value\":null,\"column_option_display\":null,\"column_option_sql_condition\":null,\"column_options\":[],\"column_sql_query\":null,\"column_help\":null,\"column_mandatory\":\"on\",\"column_browse\":\"on\",\"column_detail\":\"on\",\"column_edit\":\"on\",\"column_add\":\"on\",\"column_filterable\":null,\"column_foreign\":null,\"listTableColumns\":[]},{\"column_label\":\"Hostal\",\"column_field\":\"hostal_id\",\"column_type\":\"select_table\",\"column_file_encrypt\":\"on\",\"column_image_width\":null,\"column_image_height\":null,\"column_option_table\":\"hp_hostales\",\"column_date_format\":null,\"column_text_display_limit\":150,\"column_text_max\":255,\"column_text_min\":0,\"column_money_prefix\":null,\"column_money_precision\":null,\"column_money_thousand_separator\":null,\"column_money_decimal_separator\":null,\"column_option_value\":\"id\",\"column_option_display\":\"name-visual\",\"column_option_sql_condition\":null,\"column_options\":[],\"column_sql_query\":null,\"column_help\":null,\"column_mandatory\":false,\"column_browse\":\"on\",\"column_detail\":\"on\",\"column_edit\":\"on\",\"column_add\":\"on\",\"column_filterable\":null,\"column_foreign\":null,\"listTableColumns\":[{\"column\":\"id\",\"primary_key\":true,\"display\":false},{\"column\":\"name-visual\",\"primary_key\":false,\"display\":true},{\"column\":\"mini_description-visual\",\"primary_key\":false,\"display\":false},{\"column\":\"description-visual\",\"primary_key\":false,\"display\":false},{\"column\":\"address-visual\",\"primary_key\":false,\"display\":false},{\"column\":\"email\",\"primary_key\":false,\"display\":false},{\"column\":\"phone\",\"primary_key\":false,\"display\":false},{\"column\":\"latitude\",\"primary_key\":false,\"display\":false},{\"column\":\"length\",\"primary_key\":false,\"display\":false},{\"column\":\"created_at\",\"primary_key\":false,\"display\":false},{\"column\":\"updated_at\",\"primary_key\":false,\"display\":false}]},{\"column_label\":\"Created At\",\"column_field\":\"created_at\",\"column_type\":\"datetime\",\"column_file_encrypt\":\"on\",\"column_image_width\":null,\"column_image_height\":null,\"column_option_table\":null,\"column_date_format\":null,\"column_text_display_limit\":150,\"column_text_max\":255,\"column_text_min\":0,\"column_money_prefix\":null,\"column_money_precision\":null,\"column_money_thousand_separator\":null,\"column_money_decimal_separator\":null,\"column_option_value\":null,\"column_option_display\":null,\"column_option_sql_condition\":null,\"column_options\":[],\"column_sql_query\":null,\"column_help\":null,\"column_mandatory\":null,\"column_browse\":\"on\",\"column_detail\":\"on\",\"column_edit\":null,\"column_add\":null,\"column_filterable\":null,\"column_foreign\":null,\"listTableColumns\":[]},{\"column_label\":\"Updated At\",\"column_field\":\"updated_at\",\"column_type\":\"datetime\",\"column_file_encrypt\":\"on\",\"column_image_width\":null,\"column_image_height\":null,\"column_option_table\":null,\"column_date_format\":null,\"column_text_display_limit\":150,\"column_text_max\":255,\"column_text_min\":0,\"column_money_prefix\":null,\"column_money_precision\":null,\"column_money_thousand_separator\":null,\"column_money_decimal_separator\":null,\"column_option_value\":null,\"column_option_display\":null,\"column_option_sql_condition\":null,\"column_options\":[],\"column_sql_query\":null,\"column_help\":null,\"column_mandatory\":null,\"column_browse\":\"on\",\"column_detail\":\"on\",\"column_edit\":null,\"column_add\":null,\"column_filterable\":null,\"column_foreign\":null,\"listTableColumns\":[]}]');
INSERT INTO `cb_modules` VALUES (25, 'Servicios Traducciones', 'fa fa-flag', 'hp_services_translations', 'AdminServiciosTraduccionesController', '[{\"column_label\":\"Servicio\",\"column_field\":\"service_id\",\"column_type\":\"select_table\",\"column_file_encrypt\":\"on\",\"column_image_width\":null,\"column_image_height\":null,\"column_option_table\":\"hp_services\",\"column_date_format\":null,\"column_text_display_limit\":150,\"column_text_max\":255,\"column_text_min\":0,\"column_money_prefix\":null,\"column_money_precision\":null,\"column_money_thousand_separator\":null,\"column_money_decimal_separator\":null,\"column_option_value\":\"id\",\"column_option_display\":\"name-visual\",\"column_option_sql_condition\":null,\"column_options\":[],\"column_sql_query\":null,\"column_help\":null,\"column_mandatory\":\"on\",\"column_browse\":\"on\",\"column_detail\":\"on\",\"column_edit\":\"on\",\"column_add\":\"on\",\"column_filterable\":null,\"column_foreign\":null,\"listTableColumns\":[{\"column\":\"id\",\"primary_key\":true,\"display\":false},{\"column\":\"name-visual\",\"primary_key\":false,\"display\":true},{\"column\":\"description-visual\",\"primary_key\":false,\"display\":false},{\"column\":\"hostal_id\",\"primary_key\":false,\"display\":false},{\"column\":\"created_at\",\"primary_key\":false,\"display\":false},{\"column\":\"updated_at\",\"primary_key\":false,\"display\":false}]},{\"column_label\":\"Nombre\",\"column_field\":\"name\",\"column_type\":\"text\",\"column_file_encrypt\":\"on\",\"column_image_width\":null,\"column_image_height\":null,\"column_option_table\":null,\"column_date_format\":null,\"column_text_display_limit\":150,\"column_text_max\":255,\"column_text_min\":0,\"column_money_prefix\":null,\"column_money_precision\":null,\"column_money_thousand_separator\":null,\"column_money_decimal_separator\":null,\"column_option_value\":null,\"column_option_display\":null,\"column_option_sql_condition\":null,\"column_options\":[],\"column_sql_query\":null,\"column_help\":null,\"column_mandatory\":\"on\",\"column_browse\":\"on\",\"column_detail\":\"on\",\"column_edit\":\"on\",\"column_add\":\"on\",\"column_filterable\":null,\"column_foreign\":null,\"listTableColumns\":[]},{\"column_label\":\"Descripci\\u00f3n\",\"column_field\":\"description\",\"column_type\":\"wysiwyg\",\"column_file_encrypt\":\"on\",\"column_image_width\":null,\"column_image_height\":null,\"column_option_table\":null,\"column_date_format\":null,\"column_text_display_limit\":150,\"column_text_max\":255,\"column_text_min\":0,\"column_money_prefix\":null,\"column_money_precision\":null,\"column_money_thousand_separator\":null,\"column_money_decimal_separator\":null,\"column_option_value\":null,\"column_option_display\":null,\"column_option_sql_condition\":null,\"column_options\":[],\"column_sql_query\":null,\"column_help\":null,\"column_mandatory\":\"on\",\"column_browse\":\"on\",\"column_detail\":\"on\",\"column_edit\":\"on\",\"column_add\":\"on\",\"column_filterable\":null,\"column_foreign\":null,\"listTableColumns\":[]},{\"column_label\":\"Idioma\",\"column_field\":\"locale\",\"column_type\":\"select_table\",\"column_file_encrypt\":\"on\",\"column_image_width\":null,\"column_image_height\":null,\"column_option_table\":\"locale\",\"column_date_format\":null,\"column_text_display_limit\":150,\"column_text_max\":255,\"column_text_min\":0,\"column_money_prefix\":null,\"column_money_precision\":null,\"column_money_thousand_separator\":null,\"column_money_decimal_separator\":null,\"column_option_value\":\"code\",\"column_option_display\":\"name\",\"column_option_sql_condition\":null,\"column_options\":[],\"column_sql_query\":null,\"column_help\":null,\"column_mandatory\":\"on\",\"column_browse\":\"on\",\"column_detail\":\"on\",\"column_edit\":\"on\",\"column_add\":\"on\",\"column_filterable\":null,\"column_foreign\":null,\"listTableColumns\":[{\"column\":\"id\",\"primary_key\":true,\"display\":false},{\"column\":\"code\",\"primary_key\":false,\"display\":false},{\"column\":\"name\",\"primary_key\":false,\"display\":true},{\"column\":\"icon\",\"primary_key\":false,\"display\":false},{\"column\":\"active\",\"primary_key\":false,\"display\":false},{\"column\":\"created_at\",\"primary_key\":false,\"display\":false},{\"column\":\"updated_at\",\"primary_key\":false,\"display\":false}]},{\"column_label\":\"Icon\",\"column_field\":\"icon\",\"column_type\":\"image\",\"column_file_encrypt\":\"on\",\"column_image_width\":null,\"column_image_height\":null,\"column_option_table\":null,\"column_date_format\":null,\"column_text_display_limit\":150,\"column_text_max\":255,\"column_text_min\":0,\"column_money_prefix\":null,\"column_money_precision\":null,\"column_money_thousand_separator\":null,\"column_money_decimal_separator\":null,\"column_option_value\":null,\"column_option_display\":null,\"column_option_sql_condition\":null,\"column_options\":[],\"column_sql_query\":null,\"column_help\":null,\"column_mandatory\":false,\"column_browse\":\"on\",\"column_detail\":false,\"column_edit\":false,\"column_add\":false,\"column_filterable\":null,\"column_foreign\":null,\"listTableColumns\":[]}]');
INSERT INTO `cb_modules` VALUES (26, 'About', 'fa fa-cube', 'hp_about', 'AdminAboutController', '[{\"column_label\":\"Nombre\",\"column_field\":\"name-visual\",\"column_type\":\"text\",\"column_file_encrypt\":\"on\",\"column_image_width\":null,\"column_image_height\":null,\"column_option_table\":null,\"column_date_format\":null,\"column_text_display_limit\":150,\"column_text_max\":255,\"column_text_min\":0,\"column_money_prefix\":null,\"column_money_precision\":null,\"column_money_thousand_separator\":null,\"column_money_decimal_separator\":null,\"column_option_value\":null,\"column_option_display\":null,\"column_option_sql_condition\":null,\"column_options\":[],\"column_sql_query\":null,\"column_help\":null,\"column_mandatory\":false,\"column_browse\":\"on\",\"column_detail\":false,\"column_edit\":false,\"column_add\":false,\"column_filterable\":null,\"column_foreign\":null,\"listTableColumns\":[]},{\"column_label\":\"Descripci\\u00f3n\",\"column_field\":\"description-visual\",\"column_type\":\"wysiwyg\",\"column_file_encrypt\":\"on\",\"column_image_width\":null,\"column_image_height\":null,\"column_option_table\":null,\"column_date_format\":null,\"column_text_display_limit\":150,\"column_text_max\":255,\"column_text_min\":0,\"column_money_prefix\":null,\"column_money_precision\":null,\"column_money_thousand_separator\":null,\"column_money_decimal_separator\":null,\"column_option_value\":null,\"column_option_display\":null,\"column_option_sql_condition\":null,\"column_options\":[],\"column_sql_query\":null,\"column_help\":null,\"column_mandatory\":false,\"column_browse\":\"on\",\"column_detail\":false,\"column_edit\":false,\"column_add\":false,\"column_filterable\":null,\"column_foreign\":null,\"listTableColumns\":[]},{\"column_label\":\"Categor\\u00eda\",\"column_field\":\"category_id\",\"column_type\":\"select_table\",\"column_file_encrypt\":\"on\",\"column_image_width\":null,\"column_image_height\":null,\"column_option_table\":\"hp_category_about\",\"column_date_format\":null,\"column_text_display_limit\":150,\"column_text_max\":255,\"column_text_min\":0,\"column_money_prefix\":null,\"column_money_precision\":null,\"column_money_thousand_separator\":null,\"column_money_decimal_separator\":null,\"column_option_value\":\"id\",\"column_option_display\":\"name-visual\",\"column_option_sql_condition\":null,\"column_options\":[],\"column_sql_query\":null,\"column_help\":null,\"column_mandatory\":\"on\",\"column_browse\":\"on\",\"column_detail\":\"on\",\"column_edit\":\"on\",\"column_add\":\"on\",\"column_filterable\":null,\"column_foreign\":null,\"listTableColumns\":[{\"column\":\"id\",\"primary_key\":true,\"display\":false},{\"column\":\"name-visual\",\"primary_key\":false,\"display\":true},{\"column\":\"created_at\",\"primary_key\":false,\"display\":false},{\"column\":\"updated_at\",\"primary_key\":false,\"display\":false}]},{\"column_label\":\"Creado\",\"column_field\":\"created_at\",\"column_type\":\"datetime\",\"column_file_encrypt\":\"on\",\"column_image_width\":null,\"column_image_height\":null,\"column_option_table\":null,\"column_date_format\":null,\"column_text_display_limit\":150,\"column_text_max\":255,\"column_text_min\":0,\"column_money_prefix\":null,\"column_money_precision\":null,\"column_money_thousand_separator\":null,\"column_money_decimal_separator\":null,\"column_option_value\":null,\"column_option_display\":null,\"column_option_sql_condition\":null,\"column_options\":[],\"column_sql_query\":null,\"column_help\":null,\"column_mandatory\":null,\"column_browse\":false,\"column_detail\":\"on\",\"column_edit\":null,\"column_add\":null,\"column_filterable\":null,\"column_foreign\":null,\"listTableColumns\":[]},{\"column_label\":\"Actualizado\",\"column_field\":\"updated_at\",\"column_type\":\"datetime\",\"column_file_encrypt\":\"on\",\"column_image_width\":null,\"column_image_height\":null,\"column_option_table\":null,\"column_date_format\":null,\"column_text_display_limit\":150,\"column_text_max\":255,\"column_text_min\":0,\"column_money_prefix\":null,\"column_money_precision\":null,\"column_money_thousand_separator\":null,\"column_money_decimal_separator\":null,\"column_option_value\":null,\"column_option_display\":null,\"column_option_sql_condition\":null,\"column_options\":[],\"column_sql_query\":null,\"column_help\":null,\"column_mandatory\":null,\"column_browse\":false,\"column_detail\":\"on\",\"column_edit\":null,\"column_add\":null,\"column_filterable\":null,\"column_foreign\":null,\"listTableColumns\":[]}]');
INSERT INTO `cb_modules` VALUES (27, 'About Traducciones', 'fa fa-flag', 'hp_about_translations', 'AdminAboutTraduccionesController', '[{\"column_label\":\"About\",\"column_field\":\"about_id\",\"column_type\":\"select_table\",\"column_file_encrypt\":\"on\",\"column_image_width\":null,\"column_image_height\":null,\"column_option_table\":\"hp_about\",\"column_date_format\":null,\"column_text_display_limit\":150,\"column_text_max\":255,\"column_text_min\":0,\"column_money_prefix\":null,\"column_money_precision\":null,\"column_money_thousand_separator\":null,\"column_money_decimal_separator\":null,\"column_option_value\":\"id\",\"column_option_display\":\"name-visual\",\"column_option_sql_condition\":null,\"column_options\":[],\"column_sql_query\":null,\"column_help\":null,\"column_mandatory\":\"on\",\"column_browse\":\"on\",\"column_detail\":\"on\",\"column_edit\":\"on\",\"column_add\":\"on\",\"column_filterable\":null,\"column_foreign\":null,\"listTableColumns\":[{\"column\":\"id\",\"primary_key\":true,\"display\":false},{\"column\":\"name-visual\",\"primary_key\":false,\"display\":true},{\"column\":\"description-visual\",\"primary_key\":false,\"display\":false},{\"column\":\"category_id\",\"primary_key\":false,\"display\":false},{\"column\":\"created_at\",\"primary_key\":false,\"display\":false},{\"column\":\"updated_at\",\"primary_key\":false,\"display\":false}]},{\"column_label\":\"Nombre\",\"column_field\":\"name\",\"column_type\":\"text\",\"column_file_encrypt\":\"on\",\"column_image_width\":null,\"column_image_height\":null,\"column_option_table\":null,\"column_date_format\":null,\"column_text_display_limit\":150,\"column_text_max\":255,\"column_text_min\":0,\"column_money_prefix\":null,\"column_money_precision\":null,\"column_money_thousand_separator\":null,\"column_money_decimal_separator\":null,\"column_option_value\":null,\"column_option_display\":null,\"column_option_sql_condition\":null,\"column_options\":[],\"column_sql_query\":null,\"column_help\":null,\"column_mandatory\":\"on\",\"column_browse\":\"on\",\"column_detail\":\"on\",\"column_edit\":\"on\",\"column_add\":\"on\",\"column_filterable\":null,\"column_foreign\":null,\"listTableColumns\":[]},{\"column_label\":\"Descripci\\u00f3n\",\"column_field\":\"description\",\"column_type\":\"wysiwyg\",\"column_file_encrypt\":\"on\",\"column_image_width\":null,\"column_image_height\":null,\"column_option_table\":null,\"column_date_format\":null,\"column_text_display_limit\":150,\"column_text_max\":255,\"column_text_min\":0,\"column_money_prefix\":null,\"column_money_precision\":null,\"column_money_thousand_separator\":null,\"column_money_decimal_separator\":null,\"column_option_value\":null,\"column_option_display\":null,\"column_option_sql_condition\":null,\"column_options\":[],\"column_sql_query\":null,\"column_help\":null,\"column_mandatory\":\"on\",\"column_browse\":\"on\",\"column_detail\":\"on\",\"column_edit\":\"on\",\"column_add\":\"on\",\"column_filterable\":null,\"column_foreign\":null,\"listTableColumns\":[]},{\"column_label\":\"Idioma\",\"column_field\":\"locale\",\"column_type\":\"select_table\",\"column_file_encrypt\":\"on\",\"column_image_width\":null,\"column_image_height\":null,\"column_option_table\":\"locale\",\"column_date_format\":null,\"column_text_display_limit\":150,\"column_text_max\":255,\"column_text_min\":0,\"column_money_prefix\":null,\"column_money_precision\":null,\"column_money_thousand_separator\":null,\"column_money_decimal_separator\":null,\"column_option_value\":\"code\",\"column_option_display\":\"name\",\"column_option_sql_condition\":null,\"column_options\":[],\"column_sql_query\":null,\"column_help\":null,\"column_mandatory\":\"on\",\"column_browse\":\"on\",\"column_detail\":\"on\",\"column_edit\":\"on\",\"column_add\":\"on\",\"column_filterable\":null,\"column_foreign\":null,\"listTableColumns\":[{\"column\":\"id\",\"primary_key\":true,\"display\":false},{\"column\":\"code\",\"primary_key\":false,\"display\":false},{\"column\":\"name\",\"primary_key\":false,\"display\":true},{\"column\":\"icon\",\"primary_key\":false,\"display\":false},{\"column\":\"active\",\"primary_key\":false,\"display\":false},{\"column\":\"created_at\",\"primary_key\":false,\"display\":false},{\"column\":\"updated_at\",\"primary_key\":false,\"display\":false}]},{\"column_label\":\"Icon\",\"column_field\":\"icon\",\"column_type\":\"image\",\"column_file_encrypt\":\"on\",\"column_image_width\":null,\"column_image_height\":null,\"column_option_table\":null,\"column_date_format\":null,\"column_text_display_limit\":150,\"column_text_max\":255,\"column_text_min\":0,\"column_money_prefix\":null,\"column_money_precision\":null,\"column_money_thousand_separator\":null,\"column_money_decimal_separator\":null,\"column_option_value\":null,\"column_option_display\":null,\"column_option_sql_condition\":null,\"column_options\":[],\"column_sql_query\":null,\"column_help\":null,\"column_mandatory\":\"on\",\"column_browse\":\"on\",\"column_detail\":\"on\",\"column_edit\":\"on\",\"column_add\":\"on\",\"column_filterable\":null,\"column_foreign\":null,\"listTableColumns\":[]}]');
INSERT INTO `cb_modules` VALUES (28, 'About Categoría', 'fa fa-asterisk', 'hp_category_about', 'AdminAboutCategoríaController', '[{\"column_label\":\"Nombre\",\"column_field\":\"name-visual\",\"column_type\":\"text\",\"column_file_encrypt\":\"on\",\"column_image_width\":null,\"column_image_height\":null,\"column_option_table\":null,\"column_date_format\":null,\"column_text_display_limit\":150,\"column_text_max\":255,\"column_text_min\":0,\"column_money_prefix\":null,\"column_money_precision\":null,\"column_money_thousand_separator\":null,\"column_money_decimal_separator\":null,\"column_option_value\":null,\"column_option_display\":null,\"column_option_sql_condition\":null,\"column_options\":[],\"column_sql_query\":null,\"column_help\":null,\"column_mandatory\":\"on\",\"column_browse\":\"on\",\"column_detail\":\"on\",\"column_edit\":\"on\",\"column_add\":\"on\",\"column_filterable\":null,\"column_foreign\":null,\"listTableColumns\":[]},{\"column_label\":\"Creado\",\"column_field\":\"created_at\",\"column_type\":\"datetime\",\"column_file_encrypt\":\"on\",\"column_image_width\":null,\"column_image_height\":null,\"column_option_table\":null,\"column_date_format\":null,\"column_text_display_limit\":150,\"column_text_max\":255,\"column_text_min\":0,\"column_money_prefix\":null,\"column_money_precision\":null,\"column_money_thousand_separator\":null,\"column_money_decimal_separator\":null,\"column_option_value\":null,\"column_option_display\":null,\"column_option_sql_condition\":null,\"column_options\":[],\"column_sql_query\":null,\"column_help\":null,\"column_mandatory\":null,\"column_browse\":false,\"column_detail\":\"on\",\"column_edit\":null,\"column_add\":null,\"column_filterable\":null,\"column_foreign\":null,\"listTableColumns\":[]},{\"column_label\":\"Actualizado\",\"column_field\":\"updated_at\",\"column_type\":\"datetime\",\"column_file_encrypt\":\"on\",\"column_image_width\":null,\"column_image_height\":null,\"column_option_table\":null,\"column_date_format\":null,\"column_text_display_limit\":150,\"column_text_max\":255,\"column_text_min\":0,\"column_money_prefix\":null,\"column_money_precision\":null,\"column_money_thousand_separator\":null,\"column_money_decimal_separator\":null,\"column_option_value\":null,\"column_option_display\":null,\"column_option_sql_condition\":null,\"column_options\":[],\"column_sql_query\":null,\"column_help\":null,\"column_mandatory\":null,\"column_browse\":false,\"column_detail\":\"on\",\"column_edit\":null,\"column_add\":null,\"column_filterable\":null,\"column_foreign\":null,\"listTableColumns\":[]}]');
INSERT INTO `cb_modules` VALUES (29, 'Categoría About Traducciones', 'fa fa-flag', 'hp_category_about_translations', 'AdminCategoríaAboutTraduccionesController', '[{\"column_label\":\"Categor\\u00eda\",\"column_field\":\"category_id\",\"column_type\":\"select_table\",\"column_file_encrypt\":\"on\",\"column_image_width\":null,\"column_image_height\":null,\"column_option_table\":\"hp_category_about\",\"column_date_format\":null,\"column_text_display_limit\":150,\"column_text_max\":255,\"column_text_min\":0,\"column_money_prefix\":null,\"column_money_precision\":null,\"column_money_thousand_separator\":null,\"column_money_decimal_separator\":null,\"column_option_value\":\"id\",\"column_option_display\":\"name-visual\",\"column_option_sql_condition\":null,\"column_options\":[],\"column_sql_query\":null,\"column_help\":null,\"column_mandatory\":\"on\",\"column_browse\":\"on\",\"column_detail\":\"on\",\"column_edit\":\"on\",\"column_add\":\"on\",\"column_filterable\":null,\"column_foreign\":null,\"listTableColumns\":[{\"column\":\"id\",\"primary_key\":true,\"display\":false},{\"column\":\"name-visual\",\"primary_key\":false,\"display\":true},{\"column\":\"created_at\",\"primary_key\":false,\"display\":false},{\"column\":\"updated_at\",\"primary_key\":false,\"display\":false}]},{\"column_label\":\"Nombre\",\"column_field\":\"name\",\"column_type\":\"text\",\"column_file_encrypt\":\"on\",\"column_image_width\":null,\"column_image_height\":null,\"column_option_table\":null,\"column_date_format\":null,\"column_text_display_limit\":150,\"column_text_max\":255,\"column_text_min\":0,\"column_money_prefix\":null,\"column_money_precision\":null,\"column_money_thousand_separator\":null,\"column_money_decimal_separator\":null,\"column_option_value\":null,\"column_option_display\":null,\"column_option_sql_condition\":null,\"column_options\":[],\"column_sql_query\":null,\"column_help\":null,\"column_mandatory\":\"on\",\"column_browse\":\"on\",\"column_detail\":\"on\",\"column_edit\":\"on\",\"column_add\":\"on\",\"column_filterable\":null,\"column_foreign\":null,\"listTableColumns\":[]},{\"column_label\":\"Idioma\",\"column_field\":\"locale\",\"column_type\":\"select_table\",\"column_file_encrypt\":\"on\",\"column_image_width\":null,\"column_image_height\":null,\"column_option_table\":\"locale\",\"column_date_format\":null,\"column_text_display_limit\":150,\"column_text_max\":255,\"column_text_min\":0,\"column_money_prefix\":null,\"column_money_precision\":null,\"column_money_thousand_separator\":null,\"column_money_decimal_separator\":null,\"column_option_value\":\"code\",\"column_option_display\":\"name\",\"column_option_sql_condition\":null,\"column_options\":[],\"column_sql_query\":null,\"column_help\":null,\"column_mandatory\":\"on\",\"column_browse\":\"on\",\"column_detail\":\"on\",\"column_edit\":\"on\",\"column_add\":\"on\",\"column_filterable\":null,\"column_foreign\":null,\"listTableColumns\":[{\"column\":\"id\",\"primary_key\":true,\"display\":false},{\"column\":\"code\",\"primary_key\":false,\"display\":false},{\"column\":\"name\",\"primary_key\":false,\"display\":true},{\"column\":\"icon\",\"primary_key\":false,\"display\":false},{\"column\":\"active\",\"primary_key\":false,\"display\":false},{\"column\":\"created_at\",\"primary_key\":false,\"display\":false},{\"column\":\"updated_at\",\"primary_key\":false,\"display\":false}]},{\"column_label\":\"Icon\",\"column_field\":\"icon\",\"column_type\":\"image\",\"column_file_encrypt\":\"on\",\"column_image_width\":null,\"column_image_height\":null,\"column_option_table\":null,\"column_date_format\":null,\"column_text_display_limit\":150,\"column_text_max\":255,\"column_text_min\":0,\"column_money_prefix\":null,\"column_money_precision\":null,\"column_money_thousand_separator\":null,\"column_money_decimal_separator\":null,\"column_option_value\":null,\"column_option_display\":null,\"column_option_sql_condition\":null,\"column_options\":[],\"column_sql_query\":null,\"column_help\":null,\"column_mandatory\":\"on\",\"column_browse\":\"on\",\"column_detail\":\"on\",\"column_edit\":\"on\",\"column_add\":\"on\",\"column_filterable\":null,\"column_foreign\":null,\"listTableColumns\":[]}]');
INSERT INTO `cb_modules` VALUES (30, 'Imagenes Hostal', 'fa fa-file-image-o', 'hp_images_hostal', 'AdminImagenesHostalController', '[{\"column_label\":\"Nombre\",\"column_field\":\"name-visual\",\"column_type\":\"text\",\"column_file_encrypt\":\"on\",\"column_image_width\":null,\"column_image_height\":null,\"column_option_table\":null,\"column_date_format\":null,\"column_text_display_limit\":150,\"column_text_max\":255,\"column_text_min\":0,\"column_money_prefix\":null,\"column_money_precision\":null,\"column_money_thousand_separator\":null,\"column_money_decimal_separator\":null,\"column_option_value\":null,\"column_option_display\":null,\"column_option_sql_condition\":null,\"column_options\":[],\"column_sql_query\":null,\"column_help\":null,\"column_mandatory\":\"on\",\"column_browse\":\"on\",\"column_detail\":\"on\",\"column_edit\":\"on\",\"column_add\":\"on\",\"column_filterable\":null,\"column_foreign\":null,\"listTableColumns\":[]},{\"column_label\":\"Descripci\\u00f3n\",\"column_field\":\"description-visual\",\"column_type\":\"wysiwyg\",\"column_file_encrypt\":\"on\",\"column_image_width\":null,\"column_image_height\":null,\"column_option_table\":null,\"column_date_format\":null,\"column_text_display_limit\":150,\"column_text_max\":255,\"column_text_min\":0,\"column_money_prefix\":null,\"column_money_precision\":null,\"column_money_thousand_separator\":null,\"column_money_decimal_separator\":null,\"column_option_value\":null,\"column_option_display\":null,\"column_option_sql_condition\":null,\"column_options\":[],\"column_sql_query\":null,\"column_help\":null,\"column_mandatory\":\"on\",\"column_browse\":\"on\",\"column_detail\":\"on\",\"column_edit\":\"on\",\"column_add\":\"on\",\"column_filterable\":null,\"column_foreign\":null,\"listTableColumns\":[]},{\"column_label\":\"Url\",\"column_field\":\"url\",\"column_type\":\"image\",\"column_file_encrypt\":\"on\",\"column_image_width\":null,\"column_image_height\":null,\"column_option_table\":null,\"column_date_format\":null,\"column_text_display_limit\":150,\"column_text_max\":255,\"column_text_min\":0,\"column_money_prefix\":null,\"column_money_precision\":null,\"column_money_thousand_separator\":null,\"column_money_decimal_separator\":null,\"column_option_value\":null,\"column_option_display\":null,\"column_option_sql_condition\":null,\"column_options\":[],\"column_sql_query\":null,\"column_help\":null,\"column_mandatory\":\"on\",\"column_browse\":\"on\",\"column_detail\":\"on\",\"column_edit\":\"on\",\"column_add\":\"on\",\"column_filterable\":null,\"column_foreign\":null,\"listTableColumns\":[]},{\"column_label\":\"Imagen Principal\",\"column_field\":\"main\",\"column_type\":\"radio\",\"column_file_encrypt\":\"on\",\"column_image_width\":null,\"column_image_height\":null,\"column_option_table\":null,\"column_date_format\":null,\"column_text_display_limit\":150,\"column_text_max\":255,\"column_text_min\":0,\"column_money_prefix\":null,\"column_money_precision\":null,\"column_money_thousand_separator\":null,\"column_money_decimal_separator\":null,\"column_option_value\":null,\"column_option_display\":null,\"column_option_sql_condition\":null,\"column_options\":[{\"key\":\"1\",\"label\":\"True\"},{\"key\":\"0\",\"label\":\"False\"}],\"column_sql_query\":null,\"column_help\":null,\"column_mandatory\":\"on\",\"column_browse\":\"on\",\"column_detail\":\"on\",\"column_edit\":\"on\",\"column_add\":\"on\",\"column_filterable\":null,\"column_foreign\":null,\"listTableColumns\":[]},{\"column_label\":\"Hostal\",\"column_field\":\"hostal_id\",\"column_type\":\"select_table\",\"column_file_encrypt\":\"on\",\"column_image_width\":null,\"column_image_height\":null,\"column_option_table\":\"hp_hostales\",\"column_date_format\":null,\"column_text_display_limit\":150,\"column_text_max\":255,\"column_text_min\":0,\"column_money_prefix\":null,\"column_money_precision\":null,\"column_money_thousand_separator\":null,\"column_money_decimal_separator\":null,\"column_option_value\":\"id\",\"column_option_display\":\"name-visual\",\"column_option_sql_condition\":null,\"column_options\":[],\"column_sql_query\":null,\"column_help\":null,\"column_mandatory\":\"on\",\"column_browse\":\"on\",\"column_detail\":\"on\",\"column_edit\":\"on\",\"column_add\":\"on\",\"column_filterable\":null,\"column_foreign\":null,\"listTableColumns\":[{\"column\":\"id\",\"primary_key\":true,\"display\":false},{\"column\":\"phone\",\"primary_key\":false,\"display\":false},{\"column\":\"latitude\",\"primary_key\":false,\"display\":false},{\"column\":\"length\",\"primary_key\":false,\"display\":false},{\"column\":\"email\",\"primary_key\":false,\"display\":false},{\"column\":\"name-visual\",\"primary_key\":false,\"display\":true},{\"column\":\"mini_description-visual\",\"primary_key\":false,\"display\":false},{\"column\":\"description-visual\",\"primary_key\":false,\"display\":false},{\"column\":\"address-visual\",\"primary_key\":false,\"display\":false},{\"column\":\"created_at\",\"primary_key\":false,\"display\":false},{\"column\":\"updated_at\",\"primary_key\":false,\"display\":false}]},{\"column_label\":\"Creado\",\"column_field\":\"created_at\",\"column_type\":\"datetime\",\"column_file_encrypt\":\"on\",\"column_image_width\":null,\"column_image_height\":null,\"column_option_table\":null,\"column_date_format\":null,\"column_text_display_limit\":150,\"column_text_max\":255,\"column_text_min\":0,\"column_money_prefix\":null,\"column_money_precision\":null,\"column_money_thousand_separator\":null,\"column_money_decimal_separator\":null,\"column_option_value\":null,\"column_option_display\":null,\"column_option_sql_condition\":null,\"column_options\":[],\"column_sql_query\":null,\"column_help\":null,\"column_mandatory\":null,\"column_browse\":\"on\",\"column_detail\":\"on\",\"column_edit\":null,\"column_add\":null,\"column_filterable\":null,\"column_foreign\":null,\"listTableColumns\":[]},{\"column_label\":\"Actualizado\",\"column_field\":\"updated_at\",\"column_type\":\"datetime\",\"column_file_encrypt\":\"on\",\"column_image_width\":null,\"column_image_height\":null,\"column_option_table\":null,\"column_date_format\":null,\"column_text_display_limit\":150,\"column_text_max\":255,\"column_text_min\":0,\"column_money_prefix\":null,\"column_money_precision\":null,\"column_money_thousand_separator\":null,\"column_money_decimal_separator\":null,\"column_option_value\":null,\"column_option_display\":null,\"column_option_sql_condition\":null,\"column_options\":[],\"column_sql_query\":null,\"column_help\":null,\"column_mandatory\":null,\"column_browse\":\"on\",\"column_detail\":\"on\",\"column_edit\":null,\"column_add\":null,\"column_filterable\":null,\"column_foreign\":null,\"listTableColumns\":[]}]');
INSERT INTO `cb_modules` VALUES (31, 'Imagenes Hostal Traducciones', 'fa fa-flag', 'hp_images_hostal_translations', 'AdminImagenesHostalTraduccionesController', '[{\"column_label\":\"Image\",\"column_field\":\"image_id\",\"column_type\":\"select_table\",\"column_file_encrypt\":\"on\",\"column_image_width\":null,\"column_image_height\":null,\"column_option_table\":\"hp_images\",\"column_date_format\":null,\"column_text_display_limit\":150,\"column_text_max\":255,\"column_text_min\":0,\"column_money_prefix\":null,\"column_money_precision\":null,\"column_money_thousand_separator\":null,\"column_money_decimal_separator\":null,\"column_option_value\":\"id\",\"column_option_display\":\"name-visual\",\"column_option_sql_condition\":null,\"column_options\":[],\"column_sql_query\":null,\"column_help\":null,\"column_mandatory\":\"on\",\"column_browse\":\"on\",\"column_detail\":\"on\",\"column_edit\":\"on\",\"column_add\":\"on\",\"column_filterable\":null,\"column_foreign\":null,\"listTableColumns\":[{\"column\":\"id\",\"primary_key\":true,\"display\":false},{\"column\":\"name-visual\",\"primary_key\":false,\"display\":true},{\"column\":\"description-visual\",\"primary_key\":false,\"display\":false},{\"column\":\"url\",\"primary_key\":false,\"display\":false},{\"column\":\"main\",\"primary_key\":false,\"display\":false},{\"column\":\"hostal_id\",\"primary_key\":false,\"display\":false},{\"column\":\"room_id\",\"primary_key\":false,\"display\":false},{\"column\":\"created_at\",\"primary_key\":false,\"display\":false},{\"column\":\"updated_at\",\"primary_key\":false,\"display\":false}]},{\"column_label\":\"Nombre\",\"column_field\":\"name\",\"column_type\":\"text\",\"column_file_encrypt\":\"on\",\"column_image_width\":null,\"column_image_height\":null,\"column_option_table\":null,\"column_date_format\":null,\"column_text_display_limit\":150,\"column_text_max\":255,\"column_text_min\":0,\"column_money_prefix\":null,\"column_money_precision\":null,\"column_money_thousand_separator\":null,\"column_money_decimal_separator\":null,\"column_option_value\":null,\"column_option_display\":null,\"column_option_sql_condition\":null,\"column_options\":[],\"column_sql_query\":null,\"column_help\":null,\"column_mandatory\":\"on\",\"column_browse\":\"on\",\"column_detail\":\"on\",\"column_edit\":\"on\",\"column_add\":\"on\",\"column_filterable\":null,\"column_foreign\":null,\"listTableColumns\":[]},{\"column_label\":\"Descripci\\u00f3n\",\"column_field\":\"description\",\"column_type\":\"wysiwyg\",\"column_file_encrypt\":\"on\",\"column_image_width\":null,\"column_image_height\":null,\"column_option_table\":null,\"column_date_format\":null,\"column_text_display_limit\":150,\"column_text_max\":255,\"column_text_min\":0,\"column_money_prefix\":null,\"column_money_precision\":null,\"column_money_thousand_separator\":null,\"column_money_decimal_separator\":null,\"column_option_value\":null,\"column_option_display\":null,\"column_option_sql_condition\":null,\"column_options\":[],\"column_sql_query\":null,\"column_help\":null,\"column_mandatory\":\"on\",\"column_browse\":\"on\",\"column_detail\":\"on\",\"column_edit\":\"on\",\"column_add\":\"on\",\"column_filterable\":null,\"column_foreign\":null,\"listTableColumns\":[]},{\"column_label\":\"Idioma\",\"column_field\":\"locale\",\"column_type\":\"select_table\",\"column_file_encrypt\":\"on\",\"column_image_width\":null,\"column_image_height\":null,\"column_option_table\":\"locale\",\"column_date_format\":null,\"column_text_display_limit\":150,\"column_text_max\":255,\"column_text_min\":0,\"column_money_prefix\":null,\"column_money_precision\":null,\"column_money_thousand_separator\":null,\"column_money_decimal_separator\":null,\"column_option_value\":\"code\",\"column_option_display\":\"name\",\"column_option_sql_condition\":null,\"column_options\":[],\"column_sql_query\":null,\"column_help\":null,\"column_mandatory\":\"on\",\"column_browse\":\"on\",\"column_detail\":\"on\",\"column_edit\":\"on\",\"column_add\":\"on\",\"column_filterable\":null,\"column_foreign\":null,\"listTableColumns\":[{\"column\":\"id\",\"primary_key\":true,\"display\":false},{\"column\":\"code\",\"primary_key\":false,\"display\":false},{\"column\":\"name\",\"primary_key\":false,\"display\":true},{\"column\":\"icon\",\"primary_key\":false,\"display\":false},{\"column\":\"active\",\"primary_key\":false,\"display\":false},{\"column\":\"created_at\",\"primary_key\":false,\"display\":false},{\"column\":\"updated_at\",\"primary_key\":false,\"display\":false}]},{\"column_label\":\"Icon\",\"column_field\":\"icon\",\"column_type\":\"text\",\"column_file_encrypt\":\"on\",\"column_image_width\":null,\"column_image_height\":null,\"column_option_table\":null,\"column_date_format\":null,\"column_text_display_limit\":150,\"column_text_max\":255,\"column_text_min\":0,\"column_money_prefix\":null,\"column_money_precision\":null,\"column_money_thousand_separator\":null,\"column_money_decimal_separator\":null,\"column_option_value\":null,\"column_option_display\":null,\"column_option_sql_condition\":null,\"column_options\":[],\"column_sql_query\":null,\"column_help\":null,\"column_mandatory\":\"on\",\"column_browse\":\"on\",\"column_detail\":\"on\",\"column_edit\":\"on\",\"column_add\":\"on\",\"column_filterable\":null,\"column_foreign\":null,\"listTableColumns\":[]}]');
INSERT INTO `cb_modules` VALUES (33, 'Politicas', 'fa fa-legal', 'hp_politicas', 'AdminPoliticasController', '[{\"column_label\":\"Nombre\",\"column_field\":\"name-visual\",\"column_type\":\"text\",\"column_file_encrypt\":\"on\",\"column_image_width\":null,\"column_image_height\":null,\"column_option_table\":null,\"column_date_format\":null,\"column_text_display_limit\":150,\"column_text_max\":255,\"column_text_min\":0,\"column_money_prefix\":null,\"column_money_precision\":null,\"column_money_thousand_separator\":null,\"column_money_decimal_separator\":null,\"column_option_value\":null,\"column_option_display\":null,\"column_option_sql_condition\":null,\"column_options\":[],\"column_sql_query\":null,\"column_help\":null,\"column_mandatory\":\"on\",\"column_browse\":\"on\",\"column_detail\":false,\"column_edit\":false,\"column_add\":false,\"column_filterable\":null,\"column_foreign\":null,\"listTableColumns\":[]},{\"column_label\":\"Creado\",\"column_field\":\"created_at\",\"column_type\":\"datetime\",\"column_file_encrypt\":\"on\",\"column_image_width\":null,\"column_image_height\":null,\"column_option_table\":null,\"column_date_format\":null,\"column_text_display_limit\":150,\"column_text_max\":255,\"column_text_min\":0,\"column_money_prefix\":null,\"column_money_precision\":null,\"column_money_thousand_separator\":null,\"column_money_decimal_separator\":null,\"column_option_value\":null,\"column_option_display\":null,\"column_option_sql_condition\":null,\"column_options\":[],\"column_sql_query\":null,\"column_help\":null,\"column_mandatory\":null,\"column_browse\":\"on\",\"column_detail\":\"on\",\"column_edit\":null,\"column_add\":null,\"column_filterable\":null,\"column_foreign\":null,\"listTableColumns\":[]},{\"column_label\":\"Actualizado\",\"column_field\":\"updated_at\",\"column_type\":\"datetime\",\"column_file_encrypt\":\"on\",\"column_image_width\":null,\"column_image_height\":null,\"column_option_table\":null,\"column_date_format\":null,\"column_text_display_limit\":150,\"column_text_max\":255,\"column_text_min\":0,\"column_money_prefix\":null,\"column_money_precision\":null,\"column_money_thousand_separator\":null,\"column_money_decimal_separator\":null,\"column_option_value\":null,\"column_option_display\":null,\"column_option_sql_condition\":null,\"column_options\":[],\"column_sql_query\":null,\"column_help\":null,\"column_mandatory\":null,\"column_browse\":\"on\",\"column_detail\":\"on\",\"column_edit\":null,\"column_add\":null,\"column_filterable\":null,\"column_foreign\":null,\"listTableColumns\":[]}]');
INSERT INTO `cb_modules` VALUES (34, 'Politicas Traducciones', 'fa fa-flag', 'hp_politicas_translations', 'AdminPoliticasTraduccionesController', '[{\"column_label\":\"Politica\",\"column_field\":\"politica_id\",\"column_type\":\"select_table\",\"column_file_encrypt\":\"on\",\"column_image_width\":null,\"column_image_height\":null,\"column_option_table\":\"hp_politicas\",\"column_date_format\":null,\"column_text_display_limit\":150,\"column_text_max\":255,\"column_text_min\":0,\"column_money_prefix\":null,\"column_money_precision\":null,\"column_money_thousand_separator\":null,\"column_money_decimal_separator\":null,\"column_option_value\":\"id\",\"column_option_display\":\"name-visual\",\"column_option_sql_condition\":null,\"column_options\":[],\"column_sql_query\":null,\"column_help\":null,\"column_mandatory\":\"on\",\"column_browse\":\"on\",\"column_detail\":\"on\",\"column_edit\":\"on\",\"column_add\":\"on\",\"column_filterable\":null,\"column_foreign\":null,\"listTableColumns\":[{\"column\":\"id\",\"primary_key\":true,\"display\":false},{\"column\":\"name-visual\",\"primary_key\":false,\"display\":true},{\"column\":\"created_at\",\"primary_key\":false,\"display\":false},{\"column\":\"updated_at\",\"primary_key\":false,\"display\":false}]},{\"column_label\":\"Nombre\",\"column_field\":\"name\",\"column_type\":\"text\",\"column_file_encrypt\":\"on\",\"column_image_width\":null,\"column_image_height\":null,\"column_option_table\":null,\"column_date_format\":null,\"column_text_display_limit\":150,\"column_text_max\":255,\"column_text_min\":0,\"column_money_prefix\":null,\"column_money_precision\":null,\"column_money_thousand_separator\":null,\"column_money_decimal_separator\":null,\"column_option_value\":null,\"column_option_display\":null,\"column_option_sql_condition\":null,\"column_options\":[],\"column_sql_query\":null,\"column_help\":null,\"column_mandatory\":\"on\",\"column_browse\":\"on\",\"column_detail\":false,\"column_edit\":false,\"column_add\":false,\"column_filterable\":null,\"column_foreign\":null,\"listTableColumns\":[]},{\"column_label\":\"Idioma\",\"column_field\":\"locale\",\"column_type\":\"select_table\",\"column_file_encrypt\":\"on\",\"column_image_width\":null,\"column_image_height\":null,\"column_option_table\":\"locale\",\"column_date_format\":null,\"column_text_display_limit\":150,\"column_text_max\":255,\"column_text_min\":0,\"column_money_prefix\":null,\"column_money_precision\":null,\"column_money_thousand_separator\":null,\"column_money_decimal_separator\":null,\"column_option_value\":\"code\",\"column_option_display\":\"name\",\"column_option_sql_condition\":null,\"column_options\":[],\"column_sql_query\":null,\"column_help\":null,\"column_mandatory\":\"on\",\"column_browse\":\"on\",\"column_detail\":\"on\",\"column_edit\":\"on\",\"column_add\":\"on\",\"column_filterable\":null,\"column_foreign\":null,\"listTableColumns\":[{\"column\":\"id\",\"primary_key\":true,\"display\":false},{\"column\":\"code\",\"primary_key\":false,\"display\":false},{\"column\":\"name\",\"primary_key\":false,\"display\":true},{\"column\":\"icon\",\"primary_key\":false,\"display\":false},{\"column\":\"active\",\"primary_key\":false,\"display\":false},{\"column\":\"created_at\",\"primary_key\":false,\"display\":false},{\"column\":\"updated_at\",\"primary_key\":false,\"display\":false}]},{\"column_label\":\"Icon\",\"column_field\":\"icon\",\"column_type\":\"image\",\"column_file_encrypt\":\"on\",\"column_image_width\":null,\"column_image_height\":null,\"column_option_table\":null,\"column_date_format\":null,\"column_text_display_limit\":150,\"column_text_max\":255,\"column_text_min\":0,\"column_money_prefix\":null,\"column_money_precision\":null,\"column_money_thousand_separator\":null,\"column_money_decimal_separator\":null,\"column_option_value\":null,\"column_option_display\":null,\"column_option_sql_condition\":null,\"column_options\":[],\"column_sql_query\":null,\"column_help\":null,\"column_mandatory\":\"on\",\"column_browse\":\"on\",\"column_detail\":\"on\",\"column_edit\":\"on\",\"column_add\":\"on\",\"column_filterable\":null,\"column_foreign\":null,\"listTableColumns\":[]}]');
INSERT INTO `cb_modules` VALUES (35, 'Imagen Servicio', 'fa fa-file-image-o', 'hp_images_service', 'AdminImagenesServicioController', '[{\"column_label\":\"Nombre\",\"column_field\":\"name-visual\",\"column_type\":\"text\",\"column_file_encrypt\":\"on\",\"column_image_width\":null,\"column_image_height\":null,\"column_option_table\":null,\"column_date_format\":null,\"column_text_display_limit\":150,\"column_text_max\":255,\"column_text_min\":0,\"column_money_prefix\":null,\"column_money_precision\":null,\"column_money_thousand_separator\":null,\"column_money_decimal_separator\":null,\"column_option_value\":null,\"column_option_display\":null,\"column_option_sql_condition\":null,\"column_options\":[],\"column_sql_query\":null,\"column_help\":null,\"column_mandatory\":\"on\",\"column_browse\":\"on\",\"column_detail\":\"on\",\"column_edit\":\"on\",\"column_add\":\"on\",\"column_filterable\":null,\"column_foreign\":null,\"listTableColumns\":[]},{\"column_label\":\"Descripci\\u00f3n\",\"column_field\":\"description-visual\",\"column_type\":\"wysiwyg\",\"column_file_encrypt\":\"on\",\"column_image_width\":null,\"column_image_height\":null,\"column_option_table\":null,\"column_date_format\":null,\"column_text_display_limit\":150,\"column_text_max\":255,\"column_text_min\":0,\"column_money_prefix\":null,\"column_money_precision\":null,\"column_money_thousand_separator\":null,\"column_money_decimal_separator\":null,\"column_option_value\":null,\"column_option_display\":null,\"column_option_sql_condition\":null,\"column_options\":[],\"column_sql_query\":null,\"column_help\":null,\"column_mandatory\":\"on\",\"column_browse\":\"on\",\"column_detail\":\"on\",\"column_edit\":\"on\",\"column_add\":\"on\",\"column_filterable\":null,\"column_foreign\":null,\"listTableColumns\":[]},{\"column_label\":\"Url\",\"column_field\":\"url\",\"column_type\":\"text\",\"column_file_encrypt\":\"on\",\"column_image_width\":null,\"column_image_height\":null,\"column_option_table\":null,\"column_date_format\":null,\"column_text_display_limit\":150,\"column_text_max\":255,\"column_text_min\":0,\"column_money_prefix\":null,\"column_money_precision\":null,\"column_money_thousand_separator\":null,\"column_money_decimal_separator\":null,\"column_option_value\":null,\"column_option_display\":null,\"column_option_sql_condition\":null,\"column_options\":[],\"column_sql_query\":null,\"column_help\":null,\"column_mandatory\":\"on\",\"column_browse\":\"on\",\"column_detail\":\"on\",\"column_edit\":\"on\",\"column_add\":\"on\",\"column_filterable\":null,\"column_foreign\":null,\"listTableColumns\":[]},{\"column_label\":\"Imagen Principal\",\"column_field\":\"main\",\"column_type\":\"radio\",\"column_file_encrypt\":\"on\",\"column_image_width\":null,\"column_image_height\":null,\"column_option_table\":null,\"column_date_format\":null,\"column_text_display_limit\":150,\"column_text_max\":255,\"column_text_min\":0,\"column_money_prefix\":null,\"column_money_precision\":null,\"column_money_thousand_separator\":null,\"column_money_decimal_separator\":null,\"column_option_value\":null,\"column_option_display\":null,\"column_option_sql_condition\":null,\"column_options\":[{\"key\":\"1\",\"label\":\"True\"},{\"key\":\"0\",\"label\":\"Falso\"}],\"column_sql_query\":null,\"column_help\":null,\"column_mandatory\":\"on\",\"column_browse\":\"on\",\"column_detail\":\"on\",\"column_edit\":\"on\",\"column_add\":\"on\",\"column_filterable\":null,\"column_foreign\":null,\"listTableColumns\":[]},{\"column_label\":\"Servicio\",\"column_field\":\"service_id\",\"column_type\":\"select_table\",\"column_file_encrypt\":\"on\",\"column_image_width\":null,\"column_image_height\":null,\"column_option_table\":\"hp_services\",\"column_date_format\":null,\"column_text_display_limit\":150,\"column_text_max\":255,\"column_text_min\":0,\"column_money_prefix\":null,\"column_money_precision\":null,\"column_money_thousand_separator\":null,\"column_money_decimal_separator\":null,\"column_option_value\":\"id\",\"column_option_display\":\"name-visual\",\"column_option_sql_condition\":null,\"column_options\":[],\"column_sql_query\":null,\"column_help\":null,\"column_mandatory\":\"on\",\"column_browse\":\"on\",\"column_detail\":\"on\",\"column_edit\":\"on\",\"column_add\":\"on\",\"column_filterable\":null,\"column_foreign\":null,\"listTableColumns\":[{\"column\":\"id\",\"primary_key\":true,\"display\":false},{\"column\":\"name-visual\",\"primary_key\":false,\"display\":true},{\"column\":\"description-visual\",\"primary_key\":false,\"display\":false},{\"column\":\"hostal_id\",\"primary_key\":false,\"display\":false},{\"column\":\"icon\",\"primary_key\":false,\"display\":false},{\"column\":\"created_at\",\"primary_key\":false,\"display\":false},{\"column\":\"updated_at\",\"primary_key\":false,\"display\":false},{\"column\":\"price\",\"primary_key\":false,\"display\":false}]},{\"column_label\":\"Creado\",\"column_field\":\"created_at\",\"column_type\":\"datetime\",\"column_file_encrypt\":\"on\",\"column_image_width\":null,\"column_image_height\":null,\"column_option_table\":null,\"column_date_format\":null,\"column_text_display_limit\":150,\"column_text_max\":255,\"column_text_min\":0,\"column_money_prefix\":null,\"column_money_precision\":null,\"column_money_thousand_separator\":null,\"column_money_decimal_separator\":null,\"column_option_value\":null,\"column_option_display\":null,\"column_option_sql_condition\":null,\"column_options\":[],\"column_sql_query\":null,\"column_help\":null,\"column_mandatory\":null,\"column_browse\":\"on\",\"column_detail\":\"on\",\"column_edit\":null,\"column_add\":null,\"column_filterable\":null,\"column_foreign\":null,\"listTableColumns\":[]},{\"column_label\":\"Actualizado\",\"column_field\":\"updated_at\",\"column_type\":\"datetime\",\"column_file_encrypt\":\"on\",\"column_image_width\":null,\"column_image_height\":null,\"column_option_table\":null,\"column_date_format\":null,\"column_text_display_limit\":150,\"column_text_max\":255,\"column_text_min\":0,\"column_money_prefix\":null,\"column_money_precision\":null,\"column_money_thousand_separator\":null,\"column_money_decimal_separator\":null,\"column_option_value\":null,\"column_option_display\":null,\"column_option_sql_condition\":null,\"column_options\":[],\"column_sql_query\":null,\"column_help\":null,\"column_mandatory\":null,\"column_browse\":\"on\",\"column_detail\":\"on\",\"column_edit\":null,\"column_add\":null,\"column_filterable\":null,\"column_foreign\":null,\"listTableColumns\":[]}]');
INSERT INTO `cb_modules` VALUES (36, 'Imagenes Servicio Traducciones', 'fa fa-flag', 'hp_images_service_translations', 'AdminImagenesServicioTraduccionesController', '[{\"column_label\":\"Image\",\"column_field\":\"image_id\",\"column_type\":\"select_table\",\"column_file_encrypt\":\"on\",\"column_image_width\":null,\"column_image_height\":null,\"column_option_table\":\"hp_images_service\",\"column_date_format\":null,\"column_text_display_limit\":150,\"column_text_max\":255,\"column_text_min\":0,\"column_money_prefix\":null,\"column_money_precision\":null,\"column_money_thousand_separator\":null,\"column_money_decimal_separator\":null,\"column_option_value\":\"id\",\"column_option_display\":\"name-visual\",\"column_option_sql_condition\":null,\"column_options\":[],\"column_sql_query\":null,\"column_help\":null,\"column_mandatory\":\"on\",\"column_browse\":\"on\",\"column_detail\":\"on\",\"column_edit\":\"on\",\"column_add\":\"on\",\"column_filterable\":null,\"column_foreign\":null,\"listTableColumns\":[{\"column\":\"id\",\"primary_key\":true,\"display\":false},{\"column\":\"name-visual\",\"primary_key\":false,\"display\":true},{\"column\":\"description-visual\",\"primary_key\":false,\"display\":false},{\"column\":\"url\",\"primary_key\":false,\"display\":false},{\"column\":\"main\",\"primary_key\":false,\"display\":false},{\"column\":\"service_id\",\"primary_key\":false,\"display\":false},{\"column\":\"created_at\",\"primary_key\":false,\"display\":false},{\"column\":\"updated_at\",\"primary_key\":false,\"display\":false}]},{\"column_label\":\"Nombre\",\"column_field\":\"name\",\"column_type\":\"text\",\"column_file_encrypt\":\"on\",\"column_image_width\":null,\"column_image_height\":null,\"column_option_table\":null,\"column_date_format\":null,\"column_text_display_limit\":150,\"column_text_max\":255,\"column_text_min\":0,\"column_money_prefix\":null,\"column_money_precision\":null,\"column_money_thousand_separator\":null,\"column_money_decimal_separator\":null,\"column_option_value\":null,\"column_option_display\":null,\"column_option_sql_condition\":null,\"column_options\":[],\"column_sql_query\":null,\"column_help\":null,\"column_mandatory\":\"on\",\"column_browse\":\"on\",\"column_detail\":\"on\",\"column_edit\":\"on\",\"column_add\":\"on\",\"column_filterable\":null,\"column_foreign\":null,\"listTableColumns\":[]},{\"column_label\":\"Descripci\\u00f3n\",\"column_field\":\"description\",\"column_type\":\"wysiwyg\",\"column_file_encrypt\":\"on\",\"column_image_width\":null,\"column_image_height\":null,\"column_option_table\":null,\"column_date_format\":null,\"column_text_display_limit\":150,\"column_text_max\":255,\"column_text_min\":0,\"column_money_prefix\":null,\"column_money_precision\":null,\"column_money_thousand_separator\":null,\"column_money_decimal_separator\":null,\"column_option_value\":null,\"column_option_display\":null,\"column_option_sql_condition\":null,\"column_options\":[],\"column_sql_query\":null,\"column_help\":null,\"column_mandatory\":\"on\",\"column_browse\":\"on\",\"column_detail\":\"on\",\"column_edit\":\"on\",\"column_add\":\"on\",\"column_filterable\":null,\"column_foreign\":null,\"listTableColumns\":[]},{\"column_label\":\"Idioma\",\"column_field\":\"locale\",\"column_type\":\"select_table\",\"column_file_encrypt\":\"on\",\"column_image_width\":null,\"column_image_height\":null,\"column_option_table\":\"locale\",\"column_date_format\":null,\"column_text_display_limit\":150,\"column_text_max\":255,\"column_text_min\":0,\"column_money_prefix\":null,\"column_money_precision\":null,\"column_money_thousand_separator\":null,\"column_money_decimal_separator\":null,\"column_option_value\":\"code\",\"column_option_display\":\"name\",\"column_option_sql_condition\":null,\"column_options\":[],\"column_sql_query\":null,\"column_help\":null,\"column_mandatory\":\"on\",\"column_browse\":\"on\",\"column_detail\":\"on\",\"column_edit\":\"on\",\"column_add\":\"on\",\"column_filterable\":null,\"column_foreign\":null,\"listTableColumns\":[{\"column\":\"id\",\"primary_key\":true,\"display\":false},{\"column\":\"code\",\"primary_key\":false,\"display\":false},{\"column\":\"name\",\"primary_key\":false,\"display\":true},{\"column\":\"icon\",\"primary_key\":false,\"display\":false},{\"column\":\"active\",\"primary_key\":false,\"display\":false},{\"column\":\"created_at\",\"primary_key\":false,\"display\":false},{\"column\":\"updated_at\",\"primary_key\":false,\"display\":false}]},{\"column_label\":\"Icon\",\"column_field\":\"icon\",\"column_type\":\"text\",\"column_file_encrypt\":\"on\",\"column_image_width\":null,\"column_image_height\":null,\"column_option_table\":null,\"column_date_format\":null,\"column_text_display_limit\":150,\"column_text_max\":255,\"column_text_min\":0,\"column_money_prefix\":null,\"column_money_precision\":null,\"column_money_thousand_separator\":null,\"column_money_decimal_separator\":null,\"column_option_value\":null,\"column_option_display\":null,\"column_option_sql_condition\":null,\"column_options\":[],\"column_sql_query\":null,\"column_help\":null,\"column_mandatory\":\"on\",\"column_browse\":\"on\",\"column_detail\":\"on\",\"column_edit\":\"on\",\"column_add\":\"on\",\"column_filterable\":null,\"column_foreign\":null,\"listTableColumns\":[]}]');
INSERT INTO `cb_modules` VALUES (37, 'Generales Texto', 'fa fa-file-text', 'hp_general_text', 'AdminGeneralesTextoController', '[{\"column_label\":\"Json\",\"column_field\":\"json\",\"column_type\":\"text\",\"column_file_encrypt\":\"on\",\"column_image_width\":null,\"column_image_height\":null,\"column_option_table\":null,\"column_date_format\":null,\"column_text_display_limit\":150,\"column_text_max\":\"2000\",\"column_text_min\":0,\"column_money_prefix\":null,\"column_money_precision\":null,\"column_money_thousand_separator\":null,\"column_money_decimal_separator\":null,\"column_option_value\":null,\"column_option_display\":null,\"column_option_sql_condition\":null,\"column_options\":[],\"column_sql_query\":null,\"column_help\":null,\"column_mandatory\":\"on\",\"column_browse\":\"on\",\"column_detail\":\"on\",\"column_edit\":\"on\",\"column_add\":\"on\",\"column_filterable\":null,\"column_foreign\":null,\"listTableColumns\":[]}]');
INSERT INTO `cb_modules` VALUES (38, 'Redes Sociales', 'fa fa-share-alt', 'hp_social', 'AdminRedesSocialesController', '[{\"column_label\":\"Nombre\",\"column_field\":\"name\",\"column_type\":\"text\",\"column_file_encrypt\":\"on\",\"column_image_width\":null,\"column_image_height\":null,\"column_option_table\":null,\"column_date_format\":null,\"column_text_display_limit\":150,\"column_text_max\":255,\"column_text_min\":0,\"column_money_prefix\":null,\"column_money_precision\":null,\"column_money_thousand_separator\":null,\"column_money_decimal_separator\":null,\"column_option_value\":null,\"column_option_display\":null,\"column_option_sql_condition\":null,\"column_options\":[],\"column_sql_query\":null,\"column_help\":null,\"column_mandatory\":\"on\",\"column_browse\":\"on\",\"column_detail\":\"on\",\"column_edit\":\"on\",\"column_add\":\"on\",\"column_filterable\":null,\"column_foreign\":null,\"listTableColumns\":[]},{\"column_label\":\"Url\",\"column_field\":\"url\",\"column_type\":\"text\",\"column_file_encrypt\":\"on\",\"column_image_width\":null,\"column_image_height\":null,\"column_option_table\":null,\"column_date_format\":null,\"column_text_display_limit\":150,\"column_text_max\":255,\"column_text_min\":0,\"column_money_prefix\":null,\"column_money_precision\":null,\"column_money_thousand_separator\":null,\"column_money_decimal_separator\":null,\"column_option_value\":null,\"column_option_display\":null,\"column_option_sql_condition\":null,\"column_options\":[],\"column_sql_query\":null,\"column_help\":null,\"column_mandatory\":\"on\",\"column_browse\":\"on\",\"column_detail\":\"on\",\"column_edit\":\"on\",\"column_add\":\"on\",\"column_filterable\":null,\"column_foreign\":null,\"listTableColumns\":[]},{\"column_label\":\"Icon\",\"column_field\":\"icon\",\"column_type\":\"image\",\"column_file_encrypt\":false,\"column_image_width\":null,\"column_image_height\":null,\"column_option_table\":null,\"column_date_format\":null,\"column_text_display_limit\":150,\"column_text_max\":255,\"column_text_min\":0,\"column_money_prefix\":null,\"column_money_precision\":null,\"column_money_thousand_separator\":null,\"column_money_decimal_separator\":null,\"column_option_value\":null,\"column_option_display\":null,\"column_option_sql_condition\":null,\"column_options\":[],\"column_sql_query\":null,\"column_help\":null,\"column_mandatory\":\"on\",\"column_browse\":\"on\",\"column_detail\":\"on\",\"column_edit\":\"on\",\"column_add\":\"on\",\"column_filterable\":null,\"column_foreign\":null,\"listTableColumns\":[]},{\"column_label\":\"Creado\",\"column_field\":\"created_at\",\"column_type\":\"datetime\",\"column_file_encrypt\":\"on\",\"column_image_width\":null,\"column_image_height\":null,\"column_option_table\":null,\"column_date_format\":null,\"column_text_display_limit\":150,\"column_text_max\":255,\"column_text_min\":0,\"column_money_prefix\":null,\"column_money_precision\":null,\"column_money_thousand_separator\":null,\"column_money_decimal_separator\":null,\"column_option_value\":null,\"column_option_display\":null,\"column_option_sql_condition\":null,\"column_options\":[],\"column_sql_query\":null,\"column_help\":null,\"column_mandatory\":null,\"column_browse\":\"on\",\"column_detail\":\"on\",\"column_edit\":null,\"column_add\":null,\"column_filterable\":null,\"column_foreign\":null,\"listTableColumns\":[]},{\"column_label\":\"Actualizado\",\"column_field\":\"updated_at\",\"column_type\":\"datetime\",\"column_file_encrypt\":\"on\",\"column_image_width\":null,\"column_image_height\":null,\"column_option_table\":null,\"column_date_format\":null,\"column_text_display_limit\":150,\"column_text_max\":255,\"column_text_min\":0,\"column_money_prefix\":null,\"column_money_precision\":null,\"column_money_thousand_separator\":null,\"column_money_decimal_separator\":null,\"column_option_value\":null,\"column_option_display\":null,\"column_option_sql_condition\":null,\"column_options\":[],\"column_sql_query\":null,\"column_help\":null,\"column_mandatory\":null,\"column_browse\":\"on\",\"column_detail\":\"on\",\"column_edit\":null,\"column_add\":null,\"column_filterable\":null,\"column_foreign\":null,\"listTableColumns\":[]}]');

-- ----------------------------
-- Table structure for cb_role_privileges
-- ----------------------------
DROP TABLE IF EXISTS `cb_role_privileges`;
CREATE TABLE `cb_role_privileges`  (
  `id` int(10) UNSIGNED NOT NULL AUTO_INCREMENT,
  `cb_roles_id` int(11) NOT NULL,
  `cb_menus_id` int(11) NOT NULL,
  `can_browse` tinyint(4) NOT NULL DEFAULT 1,
  `can_create` tinyint(4) NOT NULL DEFAULT 1,
  `can_read` tinyint(4) NOT NULL DEFAULT 1,
  `can_update` tinyint(4) NOT NULL DEFAULT 1,
  `can_delete` tinyint(4) NOT NULL DEFAULT 1,
  PRIMARY KEY (`id`) USING BTREE
) ENGINE = InnoDB AUTO_INCREMENT = 10 CHARACTER SET = utf8mb4 COLLATE = utf8mb4_unicode_ci ROW_FORMAT = Dynamic;

-- ----------------------------
-- Records of cb_role_privileges
-- ----------------------------
INSERT INTO `cb_role_privileges` VALUES (1, 1, 1, 1, 1, 1, 1, 1);
INSERT INTO `cb_role_privileges` VALUES (4, 1, 3, 1, 1, 1, 1, 1);
INSERT INTO `cb_role_privileges` VALUES (5, 1, 2, 1, 1, 1, 1, 1);
INSERT INTO `cb_role_privileges` VALUES (8, 1, 8, 1, 1, 1, 1, 1);
INSERT INTO `cb_role_privileges` VALUES (9, 1, 10, 1, 1, 1, 1, 1);

-- ----------------------------
-- Table structure for cb_roles
-- ----------------------------
DROP TABLE IF EXISTS `cb_roles`;
CREATE TABLE `cb_roles`  (
  `id` int(10) UNSIGNED NOT NULL AUTO_INCREMENT,
  `name` varchar(255) CHARACTER SET utf8mb4 COLLATE utf8mb4_unicode_ci NOT NULL,
  PRIMARY KEY (`id`) USING BTREE
) ENGINE = InnoDB AUTO_INCREMENT = 2 CHARACTER SET = utf8mb4 COLLATE = utf8mb4_unicode_ci ROW_FORMAT = Dynamic;

-- ----------------------------
-- Records of cb_roles
-- ----------------------------
INSERT INTO `cb_roles` VALUES (1, 'Admin');

-- ----------------------------
-- Table structure for hp_about
-- ----------------------------
DROP TABLE IF EXISTS `hp_about`;
CREATE TABLE `hp_about`  (
  `id` int(10) UNSIGNED NOT NULL AUTO_INCREMENT,
  `name-visual` varchar(255) CHARACTER SET utf8mb4 COLLATE utf8mb4_unicode_ci NOT NULL,
  `description-visual` longtext CHARACTER SET utf8mb4 COLLATE utf8mb4_unicode_ci NOT NULL,
  `category_id` int(10) UNSIGNED NOT NULL,
  `created_at` timestamp(0) NULL DEFAULT NULL,
  `updated_at` timestamp(0) NULL DEFAULT NULL,
  PRIMARY KEY (`id`) USING BTREE,
  INDEX `hp_about_category_id_foreign`(`category_id`) USING BTREE,
  CONSTRAINT `hp_about_category_id_foreign` FOREIGN KEY (`category_id`) REFERENCES `hp_category_about` (`id`) ON DELETE RESTRICT ON UPDATE RESTRICT
) ENGINE = InnoDB AUTO_INCREMENT = 15 CHARACTER SET = utf8mb4 COLLATE = utf8mb4_unicode_ci ROW_FORMAT = Dynamic;

-- ----------------------------
-- Records of hp_about
-- ----------------------------
INSERT INTO `hp_about` VALUES (1, 'Null', 'Es frecuente que haya equipaje extraviado como en cualquier otro lugar, pero como regularmente hay un solo vuelo en el día en cada aerolinea, hay demora la llegada de los bultos extraviados. Sugerimos traer algunas cosas básicas en el equipaje de mano o compartir algunas cosas útiles entre el equipaje de dos personas de ser posible.', 2, '2019-12-08 05:19:00', '2019-12-08 05:19:00');
INSERT INTO `hp_about` VALUES (2, 'Null', 'Es frecuente que haya equipaje extraviado como en cualquier otro lugar, pero como regularmente hay un solo vuelo en el día en cada aerolinea, hay demora la llegada de los bultos extraviados. Sugerimos traer algunas cosas básicas en el equipaje de mano o compartir algunas cosas útiles entre el equipaje de dos personas de ser posible.', 2, '2019-12-08 05:19:18', '2019-12-08 05:19:18');
INSERT INTO `hp_about` VALUES (3, 'Null', 'En cuanto al dinero, le recomendamos QUE NO TRAIGA USD, pues tienen una penalidad de 10% sobre el cambio. Es mejor euros, dólares canadienses, libras esterlinas, francos suizos o pesos mexicanos', 2, '2019-12-08 05:19:56', '2019-12-08 05:19:56');
INSERT INTO `hp_about` VALUES (4, 'Null', 'Para conocer tasa de cambio visite www.cubacurrency.com/exchange_rates.html', 2, '2019-12-08 05:20:18', '2019-12-08 05:20:18');
INSERT INTO `hp_about` VALUES (5, 'Null', 'Revise con su banco que su tarjeta funcione en Cuba. Esto es muy importante. Las más aceptadas son VISA y MASTERCARD.', 2, '2019-12-08 05:20:39', '2019-12-08 05:20:39');
INSERT INTO `hp_about` VALUES (6, 'Null', 'El ambiente en Cuba está lleno de música, ruidos de personas y vehículos en las calles incluso en las noches. Recomendamos traer tapones para oídos.', 2, '2019-12-08 05:21:02', '2019-12-08 05:21:02');
INSERT INTO `hp_about` VALUES (7, 'Null', 'Traiga productos que puedan necesitar y que en Cuba son difíciles de encontrar: protector solar, medicamentos básicos (analgésicos, vendaje, antidiarreico, anticatarral, etc.), baterías para sus equipos. Si tiene alguna duda nos puede preguntar.', 2, '2019-12-08 05:21:19', '2019-12-08 05:21:19');
INSERT INTO `hp_about` VALUES (8, 'Null', 'Hagan una fotocopia del pasaporte para de esa manera dejar guardado el pasaporte en la habitación y estar en la calle solo con la copia. Eso evita la pérdida.', 2, '2019-12-08 05:21:39', '2019-12-08 05:21:39');
INSERT INTO `hp_about` VALUES (9, 'Null', 'Si usted viene a pasar la noche en La Habana, estando hospedado en cualquier hotel, no puede olvidar traer su pasaporte.', 2, '2019-12-08 05:22:18', '2019-12-08 05:22:18');
INSERT INTO `hp_about` VALUES (10, 'Acerca de la reubicación', 'HOSTAL PEREGRINO respeta estrictamente las reservas realizadas por los clientes. Solo se exceptúa las condiciones excepcionales (huracanes, terremotos, tsunamis, erupciones volcánicas, guerras, epidemias, etc.) comúnmente comprensibles. Por otro lado, es parte del servicio profesional que nos caracteriza no dejar a ningún cliente abandonado ante emergencias que impliquen prorrogar su estadía. Pero en casos de emergencias personales, la solución nunca podría afectar los compromisos del hostal con los otros clientes. Por tanto, de no tener disponibilidad en el hostal, tendríamos que recurrir a reubicaciones, ofreciéndole la mejor alternativa posible.', 4, '2019-12-08 05:26:37', '2019-12-08 05:26:37');
INSERT INTO `hp_about` VALUES (11, 'Acerca de visitantes', 'En Hostal Peregrino no permitimos la presencia de visitantes nocturnos para dormir en las habitaciones. Esta decisión tiene como fundamento garantizar la seguridad del propio cliente y de los demás huéspedes. Además ayuda a mantener la tranquilidad de nuestro hostal y la atmósfera de casa de familia que nos caracteriza.', 4, '2019-12-08 05:32:44', '2019-12-08 05:32:44');
INSERT INTO `hp_about` VALUES (12, 'Sobre el pago y la cancelación', 'La reserva debe ser confirmada realizando un depósito no reintegrable con no menos de 7 días de antelación a su fecha de llegada. La cantidad del depósito es el precio de la primera noche en el hostal. De no realizar este procedimiento su reserva queda automáticamente anulada. El pago por el resto de su estancia se paga en efectivo, a su llegada.\r\n\r\nEn caso de cambios realizados en su reserva, el prepago mantiene su validez siempre que el cambio se realice con 72 horas o más de antelación a su fecha de check – in. Los cambios en las reservas dependen también de la disponibilidad.', 4, '2019-12-08 05:33:16', '2019-12-08 05:33:16');
INSERT INTO `hp_about` VALUES (13, 'Check-in Y Check-out', 'El horario de check-in es entre 2:00PM y 4:00PM (14:00–16:00 hrs) y el check out al mediodía (12:00 hrs). La entrada pudiera ser más temprano en dependencia de la disponibilidad de habitación. Después del check out brindamos la posibilidad de guardar el equipaje hasta la hora de partida, libre de costo. La posibilidad de mantener la habitación más allá de la hora de check-out podrá ser solicitada y requiere un pago extra.', 4, '2019-12-08 05:33:50', '2019-12-08 05:33:50');
INSERT INTO `hp_about` VALUES (14, 'Null', 'El precio de las habitaciones NO ES POR PERSONA, es por la habitación completa por noche.', 3, '2019-12-08 05:34:33', '2019-12-08 05:34:33');

-- ----------------------------
-- Table structure for hp_about_translations
-- ----------------------------
DROP TABLE IF EXISTS `hp_about_translations`;
CREATE TABLE `hp_about_translations`  (
  `id` int(10) UNSIGNED NOT NULL AUTO_INCREMENT,
  `about_id` int(10) UNSIGNED NOT NULL,
  `name` varchar(255) CHARACTER SET utf8mb4 COLLATE utf8mb4_unicode_ci NOT NULL,
  `description` longtext CHARACTER SET utf8mb4 COLLATE utf8mb4_unicode_ci NOT NULL,
  `locale` varchar(255) CHARACTER SET utf8mb4 COLLATE utf8mb4_unicode_ci NOT NULL,
  `icon` varchar(255) CHARACTER SET utf8mb4 COLLATE utf8mb4_unicode_ci NOT NULL,
  PRIMARY KEY (`id`) USING BTREE,
  UNIQUE INDEX `hp_about_translations_about_id_locale_unique`(`about_id`, `locale`) USING BTREE,
  INDEX `hp_about_translations_locale_index`(`locale`) USING BTREE,
  CONSTRAINT `hp_about_translations_about_id_foreign` FOREIGN KEY (`about_id`) REFERENCES `hp_about` (`id`) ON DELETE CASCADE ON UPDATE RESTRICT
) ENGINE = InnoDB AUTO_INCREMENT = 29 CHARACTER SET = utf8mb4 COLLATE = utf8mb4_unicode_ci ROW_FORMAT = Dynamic;

-- ----------------------------
-- Records of hp_about_translations
-- ----------------------------
INSERT INTO `hp_about_translations` VALUES (1, 1, 'Null', 'Es frecuente que haya equipaje extraviado como en cualquier otro lugar, pero como regularmente hay un solo vuelo en el día en cada aerolinea, hay demora la llegada de los bultos extraviados. Sugerimos traer algunas cosas básicas en el equipaje de mano o compartir algunas cosas útiles entre el equipaje de dos personas de ser posible.', 'es', 'assets/images/flags/128-spain.png');
INSERT INTO `hp_about_translations` VALUES (2, 1, 'Null', 'Lost luggage is quite common, as everywhere in the world, but since there usually one flight per day, its arrival might be delayed. Much better to have some important stuff in your handbag or share something between luggage of two if possible.', 'en', 'assets/images/flags/260-united-kingdom.png');
INSERT INTO `hp_about_translations` VALUES (3, 2, 'Null', 'Es frecuente que haya equipaje extraviado como en cualquier otro lugar, pero como regularmente hay un solo vuelo en el día en cada aerolinea, hay demora la llegada de los bultos extraviados. Sugerimos traer algunas cosas básicas en el equipaje de mano o compartir algunas cosas útiles entre el equipaje de dos personas de ser posible.', 'es', 'assets/images/flags/128-spain.png');
INSERT INTO `hp_about_translations` VALUES (4, 2, 'Null', 'Lost luggage is quite common, as everywhere in the world, but since there usually one flight per day, its arrival might be delayed. Much better to have some important stuff in your handbag or share something between luggage of two if possible.', 'en', 'assets/images/flags/260-united-kingdom.png');
INSERT INTO `hp_about_translations` VALUES (5, 3, 'Null', 'En cuanto al dinero, le recomendamos QUE NO TRAIGA USD, pues tienen una penalidad de 10% sobre el cambio. Es mejor euros, dólares canadienses, libras esterlinas, francos suizos o pesos mexicanos', 'es', 'assets/images/flags/128-spain.png');
INSERT INTO `hp_about_translations` VALUES (6, 3, 'Null', 'Pesos convertibles (CUC) is the only accepted currency in Cuba. You can get it from Euros, sterling pounds, Canadian dollars, Mexican pesos or Swiss francs.', 'en', 'assets/images/flags/260-united-kingdom.png');
INSERT INTO `hp_about_translations` VALUES (7, 4, 'Null', 'Para conocer tasa de cambio visite www.cubacurrency.com/exchange_rates.html', 'es', 'assets/images/flags/128-spain.png');
INSERT INTO `hp_about_translations` VALUES (8, 4, 'Null', 'To know currency visit www.cubacurrency.com/exchange_rates.html One cuc means one usd regarding money exchange into other currencies.', 'en', 'assets/images/flags/260-united-kingdom.png');
INSERT INTO `hp_about_translations` VALUES (9, 5, 'Null', 'Revise con su banco que su tarjeta funcione en Cuba. Esto es muy importante. Las más aceptadas son VISA y MASTERCARD.', 'es', 'assets/images/flags/128-spain.png');
INSERT INTO `hp_about_translations` VALUES (10, 5, 'Null', 'Make sure that your card works in Cuba, not only the type of card, but also the bank (it might be that the bank belongs to any American holding).', 'en', 'assets/images/flags/260-united-kingdom.png');
INSERT INTO `hp_about_translations` VALUES (11, 6, 'Null', 'El ambiente en Cuba está lleno de música, ruidos de personas y vehículos en las calles incluso en las noches. Recomendamos traer tapones para oídos.', 'es', 'assets/images/flags/128-spain.png');
INSERT INTO `hp_about_translations` VALUES (12, 6, 'Null', 'Cuba is generally speaking noisy. Much better to bring earplugs.', 'en', 'assets/images/flags/260-united-kingdom.png');
INSERT INTO `hp_about_translations` VALUES (13, 7, 'Null', 'Traiga productos que puedan necesitar y que en Cuba son difíciles de encontrar: protector solar, medicamentos básicos (analgésicos, vendaje, antidiarreico, anticatarral, etc.), baterías para sus equipos. Si tiene alguna duda nos puede preguntar.', 'es', 'assets/images/flags/128-spain.png');
INSERT INTO `hp_about_translations` VALUES (14, 7, 'Null', 'Remember to bring some products you might use (hard to find here) like sun block, medicines (analgesics, bandages, anti diarrheic or flu, etc) batteries for your equipments, etc. Feel free to ask for more info about it.', 'en', 'assets/images/flags/260-united-kingdom.png');
INSERT INTO `hp_about_translations` VALUES (15, 8, 'Null', 'Hagan una fotocopia del pasaporte para de esa manera dejar guardado el pasaporte en la habitación y estar en la calle solo con la copia. Eso evita la pérdida.', 'es', 'assets/images/flags/128-spain.png');
INSERT INTO `hp_about_translations` VALUES (16, 8, 'Null', 'Make a photocopy of the passport, so you can leave the passport in the room and just take the copy with you while you are in the street.', 'en', 'assets/images/flags/260-united-kingdom.png');
INSERT INTO `hp_about_translations` VALUES (17, 9, 'Null', 'Si usted viene a pasar la noche en La Habana, estando hospedado en cualquier hotel, no puede olvidar traer su pasaporte.', 'es', 'assets/images/flags/128-spain.png');
INSERT INTO `hp_about_translations` VALUES (18, 9, 'Null', 'If you need to know something about item you are planning to bring, just visit www.aduana.co.cu.', 'en', 'assets/images/flags/260-united-kingdom.png');
INSERT INTO `hp_about_translations` VALUES (19, 10, 'Acerca de la reubicación', 'HOSTAL PEREGRINO respeta estrictamente las reservas realizadas por los clientes. Solo se exceptúa las condiciones excepcionales (huracanes, terremotos, tsunamis, erupciones volcánicas, guerras, epidemias, etc.) comúnmente comprensibles. Por otro lado, es parte del servicio profesional que nos caracteriza no dejar a ningún cliente abandonado ante emergencias que impliquen prorrogar su estadía. Pero en casos de emergencias personales, la solución nunca podría afectar los compromisos del hostal con los otros clientes. Por tanto, de no tener disponibilidad en el hostal, tendríamos que recurrir a reubicaciones, ofreciéndole la mejor alternativa posible.', 'es', 'assets/images/flags/128-spain.png');
INSERT INTO `hp_about_translations` VALUES (20, 10, 'Relocation policy', 'HOSTAL PEREGRINO is strictly respectful about all the bookings. Unless in exceptional conditions (hurricanes, earthquake, tsunamis, volcanic eruption, epidemic, war, etc), commonly understandable, we never change any reservation. On the other hand, as part of our professional service, we never abandon any customer in case of emergency, including a longer staying. But in such cases, the solution cannot affect the other bookings. Therefore, if there is no availabilities in the hostal, we need to relocate the customer finding the best alternatives.', 'en', 'assets/images/flags/260-united-kingdom.png');
INSERT INTO `hp_about_translations` VALUES (21, 11, 'Acerca de visitantes', 'En Hostal Peregrino no permitimos la presencia de visitantes nocturnos para dormir en las habitaciones. Esta decisión tiene como fundamento garantizar la seguridad del propio cliente y de los demás huéspedes. Además ayuda a mantener la tranquilidad de nuestro hostal y la atmósfera de casa de familia que nos caracteriza.', 'es', 'assets/images/flags/128-spain.png');
INSERT INTO `hp_about_translations` VALUES (22, 11, 'About visitors', 'Hostal Peregrino doesn’t allow overnight local visitors. We believe it is very important to provide a safe and comfortable atmosphere for all our guests, and having a policy which allows local overnight visitors compromises this belief. This is a family house and we want to keep this image. On the other hand, a regular couple of foreigners and/or locals is acceptable and they can be officially registered as another regular guest.', 'en', 'assets/images/flags/260-united-kingdom.png');
INSERT INTO `hp_about_translations` VALUES (23, 12, 'Sobre el pago y la cancelación', 'La reserva debe ser confirmada realizando un depósito no reintegrable con no menos de 7 días de antelación a su fecha de llegada. La cantidad del depósito es el precio de la primera noche en el hostal. De no realizar este procedimiento su reserva queda automáticamente anulada. El pago por el resto de su estancia se paga en efectivo, a su llegada.\r\n\r\nEn caso de cambios realizados en su reserva, el prepago mantiene su validez siempre que el cambio se realice con 72 horas o más de antelación a su fecha de check – in. Los cambios en las reservas dependen también de la disponibilidad.', 'es', 'assets/images/flags/128-spain.png');
INSERT INTO `hp_about_translations` VALUES (24, 12, 'About payment and cancellation policy', 'The reservation must be confirmed with no less than 7 days before the check in date by a non-refundable deposit. The amount of the payment is the price of the first night of accommodation in the hostal. If this procedure is not made, the booking will be automatically cancelled. The rest of the price for the staying will be paid with cash at arrival.\r\n\r\nIn case of any change in the booking, the prepayment is valid if the change is made up to 72 hours or more prior to the check in date. The changes depend also on the availabilities.', 'en', 'assets/images/flags/260-united-kingdom.png');
INSERT INTO `hp_about_translations` VALUES (25, 13, 'Check-in Y Check-out', 'El horario de check-in es entre 2:00PM y 4:00PM (14:00–16:00 hrs) y el check out al mediodía (12:00 hrs). La entrada pudiera ser más temprano en dependencia de la disponibilidad de habitación. Después del check out brindamos la posibilidad de guardar el equipaje hasta la hora de partida, libre de costo. La posibilidad de mantener la habitación más allá de la hora de check-out podrá ser solicitada y requiere un pago extra.', 'es', 'assets/images/flags/128-spain.png');
INSERT INTO `hp_about_translations` VALUES (26, 13, 'Check-in and Check-out', 'Check in time is between 2:00pm. Check out time is at noon (12:00 hrs).Check in could be earlier only if the room is already available. The check in time is not limited in case of late arrival. Late checkout is possible, depending of availabilities. It might be discussed directly in the hostal. It should require an extra payment. After check out time we can keep the luggage in a common area of the hostal under supervision.', 'en', 'assets/images/flags/260-united-kingdom.png');
INSERT INTO `hp_about_translations` VALUES (27, 14, 'Null', 'El precio de las habitaciones NO ES POR PERSONA, es por la habitación completa por noche.', 'es', 'assets/images/flags/128-spain.png');
INSERT INTO `hp_about_translations` VALUES (28, 14, 'Null', 'The price is NOT PER PERSON, is per an entire room.', 'en', 'assets/images/flags/260-united-kingdom.png');

-- ----------------------------
-- Table structure for hp_category_about
-- ----------------------------
DROP TABLE IF EXISTS `hp_category_about`;
CREATE TABLE `hp_category_about`  (
  `id` int(10) UNSIGNED NOT NULL AUTO_INCREMENT,
  `name-visual` varchar(255) CHARACTER SET utf8mb4 COLLATE utf8mb4_unicode_ci NOT NULL,
  `created_at` timestamp(0) NULL DEFAULT NULL,
  `updated_at` timestamp(0) NULL DEFAULT NULL,
  PRIMARY KEY (`id`) USING BTREE
) ENGINE = InnoDB AUTO_INCREMENT = 5 CHARACTER SET = utf8mb4 COLLATE = utf8mb4_unicode_ci ROW_FORMAT = Dynamic;

-- ----------------------------
-- Records of hp_category_about
-- ----------------------------
INSERT INTO `hp_category_about` VALUES (2, 'Consejos', '2019-12-08 05:15:24', '2019-12-08 05:15:24');
INSERT INTO `hp_category_about` VALUES (3, 'Notas Importantes', '2019-12-08 05:16:20', '2019-12-08 05:16:20');
INSERT INTO `hp_category_about` VALUES (4, 'Política de Privacidad', '2019-12-08 05:16:54', '2019-12-08 05:16:54');

-- ----------------------------
-- Table structure for hp_category_about_translations
-- ----------------------------
DROP TABLE IF EXISTS `hp_category_about_translations`;
CREATE TABLE `hp_category_about_translations`  (
  `id` int(10) UNSIGNED NOT NULL AUTO_INCREMENT,
  `category_id` int(10) UNSIGNED NOT NULL,
  `name` varchar(255) CHARACTER SET utf8mb4 COLLATE utf8mb4_unicode_ci NOT NULL,
  `locale` varchar(255) CHARACTER SET utf8mb4 COLLATE utf8mb4_unicode_ci NOT NULL,
  `icon` varchar(255) CHARACTER SET utf8mb4 COLLATE utf8mb4_unicode_ci NOT NULL,
  PRIMARY KEY (`id`) USING BTREE,
  UNIQUE INDEX `hp_category_about_translations_category_id_locale_unique`(`category_id`, `locale`) USING BTREE,
  INDEX `hp_category_about_translations_locale_index`(`locale`) USING BTREE,
  CONSTRAINT `hp_category_about_translations_category_id_foreign` FOREIGN KEY (`category_id`) REFERENCES `hp_category_about` (`id`) ON DELETE CASCADE ON UPDATE RESTRICT
) ENGINE = InnoDB AUTO_INCREMENT = 9 CHARACTER SET = utf8mb4 COLLATE = utf8mb4_unicode_ci ROW_FORMAT = Dynamic;

-- ----------------------------
-- Records of hp_category_about_translations
-- ----------------------------
INSERT INTO `hp_category_about_translations` VALUES (3, 2, 'Consejos', 'es', 'assets/images/flags/128-spain.png');
INSERT INTO `hp_category_about_translations` VALUES (4, 2, 'Useful information', 'en', 'assets/images/flags/260-united-kingdom.png');
INSERT INTO `hp_category_about_translations` VALUES (5, 3, 'Notas Importantes', 'es', 'assets/images/flags/128-spain.png');
INSERT INTO `hp_category_about_translations` VALUES (6, 3, 'Importants Notes', 'en', 'assets/images/flags/260-united-kingdom.png');
INSERT INTO `hp_category_about_translations` VALUES (7, 4, 'Política de Privacidad', 'es', 'assets/images/flags/128-spain.png');
INSERT INTO `hp_category_about_translations` VALUES (8, 4, 'Privacy Policy', 'en', 'assets/images/flags/260-united-kingdom.png');

-- ----------------------------
-- Table structure for hp_conforts
-- ----------------------------
DROP TABLE IF EXISTS `hp_conforts`;
CREATE TABLE `hp_conforts`  (
  `id` int(10) UNSIGNED NOT NULL AUTO_INCREMENT,
  `name-visual` varchar(255) CHARACTER SET utf8mb4 COLLATE utf8mb4_unicode_ci NOT NULL,
  `created_at` timestamp(0) NULL DEFAULT NULL,
  `updated_at` timestamp(0) NULL DEFAULT NULL,
  `icon` varchar(255) CHARACTER SET utf8mb4 COLLATE utf8mb4_unicode_ci NULL DEFAULT NULL,
  PRIMARY KEY (`id`) USING BTREE
) ENGINE = InnoDB AUTO_INCREMENT = 8 CHARACTER SET = utf8mb4 COLLATE = utf8mb4_unicode_ci ROW_FORMAT = Dynamic;

-- ----------------------------
-- Records of hp_conforts
-- ----------------------------
INSERT INTO `hp_conforts` VALUES (1, 'Transporte', '2019-12-16 15:33:10', '2019-12-19 20:42:33', 'icon_set_1_icon-26');
INSERT INTO `hp_conforts` VALUES (2, 'Desayuno', '2019-12-16 15:39:43', '2019-12-23 02:27:35', 'icon_set_1_icon-58');
INSERT INTO `hp_conforts` VALUES (3, 'Merienda', '2019-12-23 02:24:49', '2019-12-23 02:24:49', 'icon_set_1_icon-9');
INSERT INTO `hp_conforts` VALUES (4, 'Teléfono', '2019-12-23 02:25:49', '2019-12-23 02:25:49', 'icon_set_1_icon-55');
INSERT INTO `hp_conforts` VALUES (5, 'Wifi', '2019-12-23 02:26:25', '2019-12-23 02:26:25', 'icon_set_1_icon-86');
INSERT INTO `hp_conforts` VALUES (6, 'Piscina', '2019-12-23 02:26:57', '2019-12-23 02:26:57', 'icon_set_2_icon-110');
INSERT INTO `hp_conforts` VALUES (7, 'Ducha', '2019-12-23 02:29:26', '2019-12-23 02:29:26', 'icon_set_2_icon-118');

-- ----------------------------
-- Table structure for hp_conforts_rooms
-- ----------------------------
DROP TABLE IF EXISTS `hp_conforts_rooms`;
CREATE TABLE `hp_conforts_rooms`  (
  `confort_id` int(10) UNSIGNED NOT NULL,
  `room_id` int(10) UNSIGNED NOT NULL,
  INDEX `hp_conforts_rooms_confort_id_foreign`(`confort_id`) USING BTREE,
  INDEX `hp_conforts_rooms_room_id_foreign`(`room_id`) USING BTREE,
  CONSTRAINT `hp_conforts_rooms_confort_id_foreign` FOREIGN KEY (`confort_id`) REFERENCES `hp_conforts` (`id`) ON DELETE CASCADE ON UPDATE RESTRICT,
  CONSTRAINT `hp_conforts_rooms_room_id_foreign` FOREIGN KEY (`room_id`) REFERENCES `hp_rooms` (`id`) ON DELETE CASCADE ON UPDATE RESTRICT
) ENGINE = InnoDB CHARACTER SET = utf8mb4 COLLATE = utf8mb4_unicode_ci ROW_FORMAT = Dynamic;

-- ----------------------------
-- Records of hp_conforts_rooms
-- ----------------------------
INSERT INTO `hp_conforts_rooms` VALUES (1, 19);
INSERT INTO `hp_conforts_rooms` VALUES (2, 19);
INSERT INTO `hp_conforts_rooms` VALUES (6, 19);
INSERT INTO `hp_conforts_rooms` VALUES (1, 10);
INSERT INTO `hp_conforts_rooms` VALUES (2, 10);
INSERT INTO `hp_conforts_rooms` VALUES (3, 10);
INSERT INTO `hp_conforts_rooms` VALUES (5, 10);
INSERT INTO `hp_conforts_rooms` VALUES (6, 10);
INSERT INTO `hp_conforts_rooms` VALUES (1, 15);
INSERT INTO `hp_conforts_rooms` VALUES (2, 15);
INSERT INTO `hp_conforts_rooms` VALUES (3, 15);
INSERT INTO `hp_conforts_rooms` VALUES (4, 15);
INSERT INTO `hp_conforts_rooms` VALUES (5, 15);
INSERT INTO `hp_conforts_rooms` VALUES (6, 15);
INSERT INTO `hp_conforts_rooms` VALUES (2, 14);
INSERT INTO `hp_conforts_rooms` VALUES (4, 14);
INSERT INTO `hp_conforts_rooms` VALUES (5, 13);
INSERT INTO `hp_conforts_rooms` VALUES (6, 13);
INSERT INTO `hp_conforts_rooms` VALUES (1, 12);
INSERT INTO `hp_conforts_rooms` VALUES (6, 12);
INSERT INTO `hp_conforts_rooms` VALUES (3, 11);
INSERT INTO `hp_conforts_rooms` VALUES (4, 11);

-- ----------------------------
-- Table structure for hp_conforts_translations
-- ----------------------------
DROP TABLE IF EXISTS `hp_conforts_translations`;
CREATE TABLE `hp_conforts_translations`  (
  `id` int(10) UNSIGNED NOT NULL AUTO_INCREMENT,
  `confort_id` int(10) UNSIGNED NOT NULL,
  `name` varchar(255) CHARACTER SET utf8mb4 COLLATE utf8mb4_unicode_ci NOT NULL,
  `locale` varchar(255) CHARACTER SET utf8mb4 COLLATE utf8mb4_unicode_ci NOT NULL,
  `icon` varchar(255) CHARACTER SET utf8mb4 COLLATE utf8mb4_unicode_ci NOT NULL,
  PRIMARY KEY (`id`) USING BTREE,
  UNIQUE INDEX `hp_conforts_translations_confort_id_locale_unique`(`confort_id`, `locale`) USING BTREE,
  INDEX `hp_conforts_translations_locale_index`(`locale`) USING BTREE,
  CONSTRAINT `hp_conforts_translations_confort_id_foreign` FOREIGN KEY (`confort_id`) REFERENCES `hp_conforts` (`id`) ON DELETE CASCADE ON UPDATE RESTRICT
) ENGINE = InnoDB AUTO_INCREMENT = 25 CHARACTER SET = utf8mb4 COLLATE = utf8mb4_unicode_ci ROW_FORMAT = Dynamic;

-- ----------------------------
-- Records of hp_conforts_translations
-- ----------------------------
INSERT INTO `hp_conforts_translations` VALUES (1, 1, 'Transporte', 'es', 'assets/images/flags/128-spain.png');
INSERT INTO `hp_conforts_translations` VALUES (2, 1, 'Car', 'en', 'assets/images/flags/260-united-kingdom.png');
INSERT INTO `hp_conforts_translations` VALUES (3, 2, 'Desayuno', 'es', 'assets/images/flags/128-spain.png');
INSERT INTO `hp_conforts_translations` VALUES (4, 2, 'Breakfast', 'en', 'assets/images/flags/260-united-kingdom.png');
INSERT INTO `hp_conforts_translations` VALUES (8, 2, 'Desayuno en francés', 'fr', 'assets/images/flags/195-france.png');
INSERT INTO `hp_conforts_translations` VALUES (9, 1, 'Transporte en Francés', 'fr', 'assets/images/flags/195-france.png');
INSERT INTO `hp_conforts_translations` VALUES (10, 3, 'Merienda', 'es', 'assets/images/flags/128-spain.png');
INSERT INTO `hp_conforts_translations` VALUES (11, 3, 'Snack', 'en', 'assets/images/flags/260-united-kingdom.png');
INSERT INTO `hp_conforts_translations` VALUES (12, 3, 'sdsd', 'fr', 'assets/images/flags/195-france.png');
INSERT INTO `hp_conforts_translations` VALUES (13, 4, 'Teléfono', 'es', 'assets/images/flags/128-spain.png');
INSERT INTO `hp_conforts_translations` VALUES (14, 4, 'Phone', 'en', 'assets/images/flags/260-united-kingdom.png');
INSERT INTO `hp_conforts_translations` VALUES (15, 4, 'sd', 'fr', 'assets/images/flags/195-france.png');
INSERT INTO `hp_conforts_translations` VALUES (16, 5, 'Wifi', 'es', 'assets/images/flags/128-spain.png');
INSERT INTO `hp_conforts_translations` VALUES (17, 5, 'Wifi', 'en', 'assets/images/flags/260-united-kingdom.png');
INSERT INTO `hp_conforts_translations` VALUES (18, 5, 'Wifi', 'fr', 'assets/images/flags/195-france.png');
INSERT INTO `hp_conforts_translations` VALUES (19, 6, 'Piscina', 'es', 'assets/images/flags/128-spain.png');
INSERT INTO `hp_conforts_translations` VALUES (20, 6, 'Pool', 'en', 'assets/images/flags/260-united-kingdom.png');
INSERT INTO `hp_conforts_translations` VALUES (21, 6, 'sdsd', 'fr', 'assets/images/flags/195-france.png');
INSERT INTO `hp_conforts_translations` VALUES (22, 7, 'Ducha', 'es', 'assets/images/flags/128-spain.png');
INSERT INTO `hp_conforts_translations` VALUES (23, 7, 'Bathtub', 'en', 'assets/images/flags/260-united-kingdom.png');
INSERT INTO `hp_conforts_translations` VALUES (24, 7, 'Bathtub', 'fr', 'assets/images/flags/195-france.png');

-- ----------------------------
-- Table structure for hp_general_text
-- ----------------------------
DROP TABLE IF EXISTS `hp_general_text`;
CREATE TABLE `hp_general_text`  (
  `id` int(10) UNSIGNED NOT NULL AUTO_INCREMENT,
  `json` json NOT NULL,
  PRIMARY KEY (`id`) USING BTREE
) ENGINE = InnoDB AUTO_INCREMENT = 2 CHARACTER SET = utf8mb4 COLLATE = utf8mb4_unicode_ci ROW_FORMAT = Dynamic;

-- ----------------------------
-- Records of hp_general_text
-- ----------------------------
INSERT INTO `hp_general_text` VALUES (1, '{\"en\": {\"find\": \"Find\", \"room\": \"Room\", \"email\": \"Email\", \"rooms\": \"Rooms\", \"inicio\": \"Home\", \"salida\": \"Departure\", \"booking\": \"Booking\", \"galeria\": \"Galery\", \"llegada\": \"Arrival\", \"reserva\": \"Book\", \"contacto\": \"Contact\", \"hostales\": \"Hostales\", \"personal\": \"Persons\", \"servicio\": \"Service\", \"read_less\": \"Read Less\", \"read_more\": \"Read More\", \"range_date\": \"Range of Date\", \"nacionality\": \"Country\", \"others_data\": \"Extra Data\", \"arrived_hour\": \"Arrived Hour\", \"persona_name\": \"Full Name\", \"flight_number\": \"Flight Number\", \"select_hostal\": \"Select Hostal\", \"explore_button\": \"Explore\", \"register_title\": \"Select Hostal\", \"welcome_hostal\": \"Welcome\", \"datos_personales\": \"Personal Data\", \"main_description\": \"Muela Bonita de presentacion Ingles\", \"select_your_room\": \"Book your\", \"cant_personal_field\": \"Guests\", \"servicios_agregados\": \"Agregate Service\"}, \"es\": {\"find\": \"Buscar\", \"room\": \"Habitación\", \"email\": \"Correo\", \"rooms\": \"Habitaciones\", \"inicio\": \"Inicio\", \"salida\": \"Salida\", \"booking\": \"Reservar\", \"galeria\": \"Galería\", \"llegada\": \"Llegada\", \"reserva\": \"Reservar\", \"contacto\": \"Contacto\", \"hostales\": \"Hostales\", \"personal\": \"Personas\", \"servicio\": \"Servicio\", \"read_less\": \"Leer Menos\", \"read_more\": \"Leer Más\", \"range_date\": \"Rango de Fecha\", \"nacionality\": \"Nacionalidad\", \"others_data\": \"Datos Extras\", \"arrived_hour\": \"Hora de LLegada\", \"persona_name\": \"Nombre Completo\", \"flight_number\": \"Aerolinea y # Vuelo\", \"select_hostal\": \"Seleccione Hostal\", \"explore_button\": \"Explorar\", \"register_title\": \"Escoja su Hostal\", \"welcome_hostal\": \"Bienvenido\", \"datos_personales\": \"Datos Personales\", \"main_description\": \"Muela Bonita de presentacion\", \"select_your_room\": \"Reserve su\", \"cant_personal_field\": \"Huéspedes\", \"servicios_agregados\": \"Servicios Agregados\"}, \"fr\": {\"find\": \"dfdf\", \"room\": \"sd\", \"email\": \"sdsd\", \"rooms\": \"sd\", \"inicio\": \"sd\", \"salida\": \"sdsd\", \"booking\": \"dsfff\", \"galeria\": \"sd\", \"llegada\": \"sdsd\", \"reserva\": \"sd\", \"contacto\": \"sd\", \"hostales\": \"ssd\", \"personal\": \"sd\", \"servicio\": \"dfd\", \"read_less\": \"dfdf\", \"read_more\": \"sd\", \"range_date\": \"sd\", \"nacionality\": \"sd\", \"others_data\": \"sdsd\", \"arrived_hour\": \"ff\", \"persona_name\": \"ff\", \"flight_number\": \"sdsd\", \"select_hostal\": \"sdsdsd\", \"explore_button\": \"sd\", \"register_title\": \"sd\", \"welcome_hostal\": \"sd\", \"datos_personales\": \"sdsd\", \"main_description\": \"Muela Bonita de presentacion Frances\", \"select_your_room\": \"dfdf\", \"cant_personal_field\": \"dfd\", \"servicios_agregados\": \"sd\"}}');

-- ----------------------------
-- Table structure for hp_hostales
-- ----------------------------
DROP TABLE IF EXISTS `hp_hostales`;
CREATE TABLE `hp_hostales`  (
  `id` int(10) UNSIGNED NOT NULL AUTO_INCREMENT,
  `phone` varchar(255) CHARACTER SET utf8mb4 COLLATE utf8mb4_unicode_ci NOT NULL,
  `latitude` varchar(255) CHARACTER SET utf8mb4 COLLATE utf8mb4_unicode_ci NOT NULL,
  `length` varchar(255) CHARACTER SET utf8mb4 COLLATE utf8mb4_unicode_ci NOT NULL,
  `email` varchar(255) CHARACTER SET utf8mb4 COLLATE utf8mb4_unicode_ci NOT NULL,
  `name-visual` varchar(255) CHARACTER SET utf8mb4 COLLATE utf8mb4_unicode_ci NOT NULL,
  `mini_description-visual` longtext CHARACTER SET utf8mb4 COLLATE utf8mb4_unicode_ci NOT NULL,
  `description-visual` longtext CHARACTER SET utf8mb4 COLLATE utf8mb4_unicode_ci NOT NULL,
  `address-visual` varchar(255) CHARACTER SET utf8mb4 COLLATE utf8mb4_unicode_ci NOT NULL,
  `created_at` timestamp(0) NULL DEFAULT NULL,
  `updated_at` timestamp(0) NULL DEFAULT NULL,
  `active` tinyint(1) NOT NULL DEFAULT 1,
  PRIMARY KEY (`id`) USING BTREE
) ENGINE = InnoDB AUTO_INCREMENT = 5 CHARACTER SET = utf8mb4 COLLATE = utf8mb4_unicode_ci ROW_FORMAT = Dynamic;

-- ----------------------------
-- Records of hp_hostales
-- ----------------------------
INSERT INTO `hp_hostales` VALUES (1, '+53 7 8601257 / +53 7 8618027', '23.113417', '-82.413297', 'info@hostalperegrino.com / hostalperegrino@gmail.com', 'Hostal Peregrino Consulado', 'Hostal con cinco habitaciones y tres apartamentos adjuntos, situado muy cerca de Prado y La Habana Vieja.', 'Hostal con cinco habitaciones y tres apartamentos adjuntos, situado muy cerca de Prado y La Habana Vieja. Dos de las habitaciones son dúplex, para familias o grupos, con dos niveles: en el primero tiene una cama doble y en el segundo dos camas personales. Habitaciones con balcón, aire acondicionado, baño privado con agua caliente 24 horas y secadora de pelo, TV, minibar, caja de seguridad y equipo de música.', 'Consulado, 152 – 1er piso – entre Colón y Trocadero.Centro Habana. La Habana. Cuba', '2019-12-07 07:16:14', '2019-12-07 07:16:14', 1);
INSERT INTO `hp_hostales` VALUES (2, '+53 7 8601257 / +53 7 8618027', '23.105785', '-82.439827', 'info@hostalperegrino.com / hostalperegrino@gmail.com', 'Hostal Peregrino Lealtad', 'Está situado en el centro de La Habana (Centro Habana), al lado del Malecón (la avenida principal de la ciudad), entre las dos principales áreas de interés turísticos: La Habana Vieja y Vedado (La Rampa).', 'Está situado en el centro de La Habana (Centro Habana), al lado del Malecón (la avenida principal de la ciudad), entre las dos principales áreas de interés turísticos: La Habana Vieja y Vedado (La Rampa), a una distancia que permite ir caminando a ambas zonas y muy cerca de Casa de la Música, Academia de salsa, zona comercial, etc. Cuenta con dos habitaciones con terraza, aire acondicionado, baño privado con agua caliente 24 horas y secadora de pelo, TV, minibar, caja de seguridad y radio/reloj-despertador.', 'Lealtad, 203 -1er piso – entre Concordia y Virtudes.Centro Habana.', '2019-12-07 07:22:28', '2019-12-07 07:22:28', 1);
INSERT INTO `hp_hostales` VALUES (3, '+53 7 8601257 / +53 7 8618027', '23.093941', '-82.439827', 'info@hostalperegrino.com / hostalperegrino@gmail.com', 'Hostal Peregrino El Encinar', 'Se encuentra ubicado en el corazón de la Habana Vieja, a unos metros de la Plaza de la Catedral.', 'Se encuentra ubicado en el corazón de la Habana Vieja, a unos metros de la Plaza de la Catedral. Cuenta con cuatro habitaciones con aire acondicionado, baño privado, agua caliente 24 horas, secadora de pelo, minibar, TV, caja de seguridad y radio/reloj-despertador. La terraza del hostal tiene vista al centro histórico y a la entrada de la bahía y a las fortalezas.', 'Chacon, #60 1er y 2do piso – entre Cuba y Aguiar.Habana Vieja. La Habana. Cuba.', '2019-12-07 07:24:50', '2020-02-10 01:52:31', 0);
INSERT INTO `hp_hostales` VALUES (4, '+53 7 8601257 / +53 7 8618027', '27.113417', '-82.439827', 'info@hostalperegrino.com / hostalperegrino@gmail.com', 'Hostal Peregrino Vedado', 'Hostal situado en el corazón del Vedado, una de las dos áreas turísticas de la ciudad.', 'Hostal situado en el corazón del Vedado, una de las dos áreas turísticas de la ciudad. Está muy cerca de la zona de vida nocturna (La Rampa) con cabarets, bares y clubes, Plaza de la Revolución, Universidad de La Habana y del malecón. Tiene cuatro habitaciones con aire acondicionado, baño privado con agua caliente 24 horas y secadora de pelo, TV, minibar, caja de seguridad y radio/reloj-despertador. Tiene dos agradables terrazas para ser usadas como áreas de descanso.', 'Calle 9na,406 entre G y F. Vedado. La Habana. Cuba', '2019-12-07 07:27:25', '2019-12-19 22:56:17', 1);

-- ----------------------------
-- Table structure for hp_hostales_translations
-- ----------------------------
DROP TABLE IF EXISTS `hp_hostales_translations`;
CREATE TABLE `hp_hostales_translations`  (
  `id` int(10) UNSIGNED NOT NULL AUTO_INCREMENT,
  `hostal_id` int(10) UNSIGNED NOT NULL,
  `name` varchar(255) CHARACTER SET utf8mb4 COLLATE utf8mb4_unicode_ci NOT NULL,
  `mini_description` longtext CHARACTER SET utf8mb4 COLLATE utf8mb4_unicode_ci NOT NULL,
  `description` longtext CHARACTER SET utf8mb4 COLLATE utf8mb4_unicode_ci NOT NULL,
  `address` varchar(255) CHARACTER SET utf8mb4 COLLATE utf8mb4_unicode_ci NOT NULL,
  `locale` varchar(255) CHARACTER SET utf8mb4 COLLATE utf8mb4_unicode_ci NOT NULL,
  `icon` varchar(255) CHARACTER SET utf8mb4 COLLATE utf8mb4_unicode_ci NOT NULL,
  PRIMARY KEY (`id`) USING BTREE,
  UNIQUE INDEX `hp_hostales_translations_hostal_id_locale_unique`(`hostal_id`, `locale`) USING BTREE,
  INDEX `hp_hostales_translations_locale_index`(`locale`) USING BTREE,
  CONSTRAINT `hp_hostales_translations_hostal_id_foreign` FOREIGN KEY (`hostal_id`) REFERENCES `hp_hostales` (`id`) ON DELETE CASCADE ON UPDATE RESTRICT
) ENGINE = InnoDB AUTO_INCREMENT = 11 CHARACTER SET = utf8mb4 COLLATE = utf8mb4_unicode_ci ROW_FORMAT = Dynamic;

-- ----------------------------
-- Records of hp_hostales_translations
-- ----------------------------
INSERT INTO `hp_hostales_translations` VALUES (1, 1, 'Hostal Peregrino Consulado', 'Hostal con cinco habitaciones y tres apartamentos adjuntos, situado muy cerca de Prado y La Habana Vieja.', 'Hostal con cinco habitaciones y tres apartamentos adjuntos, situado muy cerca de Prado y La Habana Vieja. Dos de las habitaciones son dúplex, para familias o grupos, con dos niveles: en el primero tiene una cama doble y en el segundo dos camas personales. Habitaciones con balcón, aire acondicionado, baño privado con agua caliente 24 horas y secadora de pelo, TV, minibar, caja de seguridad y equipo de música.', 'Consulado, 152 – 1er piso – entre Colón y Trocadero.Centro Habana. La Habana. Cuba', 'es', 'assets/images/flags/128-spain.png');
INSERT INTO `hp_hostales_translations` VALUES (2, 1, 'Hostal Peregrino Consulado', 'The hostal has five rooms and three attached apartments, very close to Prado, and Havana Vieja.', 'The hostal has five rooms and three attached apartments, very close to Prado, and Havana Vieja. Rooms with balcony, air conditioner, own bath and 24 hours hot water, hairdryer , TV, minibar, safe box and stereo. Two of the rooms are duplex, suitable for families or groups. These room has two levels: one double bed on the first and two single beds in the second, with the same amenities of the other rooms of the hostal.', 'Consulado, 152 – 1st floor – between Colón and Trocadero.Centro Habana. La Habana. Cuba', 'en', 'assets/images/flags/260-united-kingdom.png');
INSERT INTO `hp_hostales_translations` VALUES (3, 2, 'Hostal Peregrino Lealtad', 'Está situado en el centro de La Habana (Centro Habana), al lado del Malecón (la avenida principal de la ciudad), entre las dos principales áreas de interés turísticos: La Habana Vieja y Vedado (La Rampa).', 'Está situado en el centro de La Habana (Centro Habana), al lado del Malecón (la avenida principal de la ciudad), entre las dos principales áreas de interés turísticos: La Habana Vieja y Vedado (La Rampa), a una distancia que permite ir caminando a ambas zonas y muy cerca de Casa de la Música, Academia de salsa, zona comercial, etc. Cuenta con dos habitaciones con terraza, aire acondicionado, baño privado con agua caliente 24 horas y secadora de pelo, TV, minibar, caja de seguridad y radio/reloj-despertador.', 'Lealtad, 203 -1er piso – entre Concordia y Virtudes.Centro Habana.', 'es', 'assets/images/flags/128-spain.png');
INSERT INTO `hp_hostales_translations` VALUES (4, 2, 'Hostal Peregrino Lealtad', 'The hostal has five rooms and three attached apartments, very close to Prado, and Havana Vieja.', 'The hostal has five rooms and three attached apartments, very close to Prado, and Havana Vieja. Rooms with balcony, air conditioner, own bath and 24 hours hot water, hairdryer , TV, minibar, safe box and stereo. Two of the rooms are duplex, suitable for families or groups. These room has two levels: one double bed on the first and two single beds in the second, with the same amenities of the other rooms of the hostal.', 'Consulado, 152 – 1st floor – between Colón and Trocadero.Centro Habana. La Habana. Cuba', 'en', 'assets/images/flags/260-united-kingdom.png');
INSERT INTO `hp_hostales_translations` VALUES (5, 3, 'Hostal Peregrino El Encinar', 'Se encuentra ubicado en el corazón de la Habana Vieja, a unos metros de la Plaza de la Catedral.', 'Se encuentra ubicado en el corazón de la Habana Vieja, a unos metros de la Plaza de la Catedral. Cuenta con cuatro habitaciones con aire acondicionado, baño privado, agua caliente 24 horas, secadora de pelo, minibar, TV, caja de seguridad y radio/reloj-despertador. La terraza del hostal tiene vista al centro histórico y a la entrada de la bahía y a las fortalezas.', 'Chacon, #60 1er y 2do piso – entre Cuba y Aguiar.Habana Vieja. La Habana. Cuba.', 'es', 'assets/images/flags/128-spain.png');
INSERT INTO `hp_hostales_translations` VALUES (6, 3, 'Hostal Peregrino El Encinar', 'The hostal has five rooms and three attached apartments, very close to Prado, and Havana Vieja.', 'The hostal has five rooms and three attached apartments, very close to Prado, and Havana Vieja. Rooms with balcony, air conditioner, own bath and 24 hours hot water, hairdryer , TV, minibar, safe box and stereo. Two of the rooms are duplex, suitable for families or groups. These room has two levels: one double bed on the first and two single beds in the second, with the same amenities of the other rooms of the hostal.', 'Consulado, 152 – 1st floor – between Colón and Trocadero.Centro Habana. La Habana. Cuba', 'en', 'assets/images/flags/260-united-kingdom.png');
INSERT INTO `hp_hostales_translations` VALUES (7, 4, 'Hostal Peregrino Vedado', 'Hostal situado en el corazón del Vedado, una de las dos áreas turísticas de la ciudad.', 'Hostal situado en el corazón del Vedado, una de las dos áreas turísticas de la ciudad. Está muy cerca de la zona de vida nocturna (La Rampa) con cabarets, bares y clubes, Plaza de la Revolución, Universidad de La Habana y del malecón. Tiene cuatro habitaciones con aire acondicionado, baño privado con agua caliente 24 horas y secadora de pelo, TV, minibar, caja de seguridad y radio/reloj-despertador. Tiene dos agradables terrazas para ser usadas como áreas de descanso.', 'Calle 9na,406 entre G y F. Vedado. La Habana. Cuba', 'es', 'assets/images/flags/128-spain.png');
INSERT INTO `hp_hostales_translations` VALUES (8, 4, 'Hostal Peregrino Vedado', 'This hostal is located in Vedado, one of the most important touristic areas of La Habana: very close to the nightlife zone, cabarets, bars, clubs (La Rampa), Plaza de la Revolucion, University and Malecon.', 'This hostal is located in Vedado, one of the most important touristic areas of La Habana: very close to the nightlife zone, cabarets, bars, clubs (La Rampa), Plaza de la Revolucion, University and Malecon. Four air conditioned rooms with private bathroom and 24 hours hot water, hairdryer , TV, minibar, safe box and radio/clock-alarm. The hostal has also two nice terraces as realaxation areas.', '9th Street, 406 between G and F. Vedado. La Habana. Cuba', 'en', 'assets/images/flags/260-united-kingdom.png');
INSERT INTO `hp_hostales_translations` VALUES (9, 4, 'dfd', 'fdf', 'dfdf', 'df', 'fr', 'assets/images/flags/195-france.png');
INSERT INTO `hp_hostales_translations` VALUES (10, 3, 'df', 'dfd', 'fdf', 'dfdf', 'fr', 'assets/images/flags/195-france.png');

-- ----------------------------
-- Table structure for hp_images
-- ----------------------------
DROP TABLE IF EXISTS `hp_images`;
CREATE TABLE `hp_images`  (
  `id` int(10) UNSIGNED NOT NULL AUTO_INCREMENT,
  `name-visual` varchar(255) CHARACTER SET utf8mb4 COLLATE utf8mb4_unicode_ci NOT NULL,
  `description-visual` longtext CHARACTER SET utf8mb4 COLLATE utf8mb4_unicode_ci NULL,
  `url` varchar(255) CHARACTER SET utf8mb4 COLLATE utf8mb4_unicode_ci NOT NULL,
  `main` tinyint(1) NOT NULL,
  `hostal_id` int(10) UNSIGNED NULL DEFAULT NULL,
  `room_id` int(10) UNSIGNED NULL DEFAULT NULL,
  `created_at` timestamp(0) NULL DEFAULT NULL,
  `updated_at` timestamp(0) NULL DEFAULT NULL,
  `estado` varchar(255) CHARACTER SET utf8mb4 COLLATE utf8mb4_unicode_ci NULL DEFAULT NULL,
  PRIMARY KEY (`id`) USING BTREE,
  INDEX `hp_images_hostal_id_foreign`(`hostal_id`) USING BTREE,
  INDEX `hp_images_room_id_foreign`(`room_id`) USING BTREE,
  CONSTRAINT `hp_images_hostal_id_foreign` FOREIGN KEY (`hostal_id`) REFERENCES `hp_hostales` (`id`) ON DELETE RESTRICT ON UPDATE RESTRICT,
  CONSTRAINT `hp_images_room_id_foreign` FOREIGN KEY (`room_id`) REFERENCES `hp_rooms` (`id`) ON DELETE RESTRICT ON UPDATE RESTRICT
) ENGINE = InnoDB AUTO_INCREMENT = 6 CHARACTER SET = utf8mb4 COLLATE = utf8mb4_unicode_ci ROW_FORMAT = Dynamic;

-- ----------------------------
-- Records of hp_images
-- ----------------------------
INSERT INTO `hp_images` VALUES (1, 'Foto Habitación Sencilla', NULL, 'storage/files/2020/01/04/cons_principal_1_2jpg.jpg', 1, NULL, 14, '2019-12-29 01:45:53', '2020-01-04 03:38:01', 'info');
INSERT INTO `hp_images` VALUES (2, 'Foto Habitación Doble', NULL, 'storage/files/2020/01/04/cons_principal_2_2jpg.jpg', 1, NULL, 13, '2019-12-29 01:47:55', '2020-01-04 03:41:37', 'info');
INSERT INTO `hp_images` VALUES (3, 'Foto Habitación Triple', NULL, 'storage/files/2020/01/04/cons_principal_5_5jpg.jpg', 1, NULL, 12, '2019-12-29 01:52:49', '2020-01-04 03:50:25', 'info');
INSERT INTO `hp_images` VALUES (4, 'Foto Habitación Sencilla Doble', NULL, 'storage/files/2020/01/04/cons_hab_3_2jpg.jpg', 1, NULL, 15, '2019-12-29 01:54:12', '2020-01-04 03:02:23', 'info');
INSERT INTO `hp_images` VALUES (5, 'Foto Habitación Duplex', NULL, 'storage/files/2019/12/29/cons_principal_4_3jpg.jpg', 1, NULL, 11, '2019-12-29 01:55:20', '2019-12-29 01:55:20', 'info');

-- ----------------------------
-- Table structure for hp_images_hostal
-- ----------------------------
DROP TABLE IF EXISTS `hp_images_hostal`;
CREATE TABLE `hp_images_hostal`  (
  `id` int(10) UNSIGNED NOT NULL AUTO_INCREMENT,
  `estado` varchar(255) CHARACTER SET utf8mb4 COLLATE utf8mb4_unicode_ci NULL DEFAULT NULL,
  `name-visual` varchar(255) CHARACTER SET utf8mb4 COLLATE utf8mb4_unicode_ci NOT NULL,
  `description-visual` longtext CHARACTER SET utf8mb4 COLLATE utf8mb4_unicode_ci NULL,
  `url` varchar(255) CHARACTER SET utf8mb4 COLLATE utf8mb4_unicode_ci NOT NULL,
  `main` tinyint(1) NOT NULL,
  `hostal_id` int(10) UNSIGNED NULL DEFAULT NULL,
  `created_at` timestamp(0) NULL DEFAULT NULL,
  `updated_at` timestamp(0) NULL DEFAULT NULL,
  PRIMARY KEY (`id`) USING BTREE,
  INDEX `hp_images_hostal_hostal_id_foreign`(`hostal_id`) USING BTREE,
  CONSTRAINT `hp_images_hostal_hostal_id_foreign` FOREIGN KEY (`hostal_id`) REFERENCES `hp_hostales` (`id`) ON DELETE RESTRICT ON UPDATE RESTRICT
) ENGINE = InnoDB AUTO_INCREMENT = 26 CHARACTER SET = utf8mb4 COLLATE = utf8mb4_unicode_ci ROW_FORMAT = Dynamic;

-- ----------------------------
-- Records of hp_images_hostal
-- ----------------------------
INSERT INTO `hp_images_hostal` VALUES (12, 'info', 'Exterior', NULL, 'storage/files/2019/12/24/2ce86bfc27cec17a1e5bae45cda5f145.jpg', 0, 4, '2019-12-24 04:55:07', '2019-12-24 04:55:07');
INSERT INTO `hp_images_hostal` VALUES (13, 'banner', 'Hermosa Sala', NULL, 'storage/files/2019/12/24/0b413d04bcbbbd1b12db69f4f3f0940e.jpg', 1, 4, '2019-12-24 04:58:38', '2019-12-24 04:58:38');
INSERT INTO `hp_images_hostal` VALUES (14, 'info', 'Exterior', NULL, 'storage/files/2019/12/24/45a5051389b2258a71501b52e083a7ad.jpg', 0, 3, '2019-12-24 05:06:04', '2019-12-24 05:06:04');
INSERT INTO `hp_images_hostal` VALUES (15, 'banner', 'Belleza', NULL, 'storage/files/2019/12/24/f02565e047746c33f0d105e9101400f2.jpg', 1, 3, '2019-12-24 05:07:57', '2019-12-24 05:07:57');
INSERT INTO `hp_images_hostal` VALUES (16, 'banner', 'Hermosa', NULL, 'storage/files/2019/12/24/c703a5a11a371a3ad42f2694efcf3c52.jpg', 1, 2, '2019-12-24 05:09:11', '2019-12-24 05:09:11');
INSERT INTO `hp_images_hostal` VALUES (17, 'info', 'Patio', NULL, 'storage/files/2019/12/24/3c87234005c43f505691eb1b9e3ebe7e.jpg', 0, 2, '2019-12-24 05:10:10', '2019-12-24 05:10:10');
INSERT INTO `hp_images_hostal` VALUES (18, 'info', 'sdsds', NULL, 'storage/files/2019/12/24/32e57724bc25d9d6adb24461f971ed29.jpg', 0, 1, '2019-12-24 05:11:12', '2019-12-24 05:11:12');
INSERT INTO `hp_images_hostal` VALUES (19, 'banner', 'Hermosa vista', NULL, 'storage/files/2019/12/24/b07691eeb5baef97150755835a649e3c.jpg', 1, 1, '2019-12-24 05:12:16', '2019-12-24 05:12:16');
INSERT INTO `hp_images_hostal` VALUES (20, 'mini_banner', 'Banner del hostal', NULL, 'storage/files/2019/12/28/a20f4e325d2e3f13c8753f3a0fda13c3.jpg', 0, 4, '2019-12-28 23:56:49', '2019-12-28 23:56:49');
INSERT INTO `hp_images_hostal` VALUES (21, 'mini_banner', 'Banner del hostal', NULL, 'storage/files/2019/12/28/62eda6b86a3c30a628714782337b5459.jpg', 0, 3, '2019-12-28 23:58:02', '2019-12-28 23:58:02');
INSERT INTO `hp_images_hostal` VALUES (22, 'mini_banner', 'Banner del hostal', NULL, 'storage/files/2019/12/28/03dc75137fb9ab84935847ab2942b869.jpg', 0, 2, '2019-12-28 23:58:59', '2019-12-28 23:58:59');
INSERT INTO `hp_images_hostal` VALUES (23, 'mini_banner', 'Banner del hostal', NULL, 'storage/files/2019/12/29/36100a55ef5c1b8a1ad4d7951d8564a1.jpg', 0, 1, '2019-12-29 00:00:14', '2019-12-29 00:00:14');
INSERT INTO `hp_images_hostal` VALUES (24, 'info', 'Exterior', NULL, 'storage/files/2020/01/21/8a255f9bed1e889b649b159e4aa1d404.jpg', 0, 1, '2020-01-21 08:08:53', '2020-01-21 08:08:53');
INSERT INTO `hp_images_hostal` VALUES (25, 'info', 'Sala', NULL, 'storage/files/2020/01/21/b23bbeb6dbdd1bd6f281f227d8a8099f.jpg', 0, 1, '2020-01-21 08:10:00', '2020-01-21 08:10:00');

-- ----------------------------
-- Table structure for hp_images_hostal_translations
-- ----------------------------
DROP TABLE IF EXISTS `hp_images_hostal_translations`;
CREATE TABLE `hp_images_hostal_translations`  (
  `id` int(10) UNSIGNED NOT NULL AUTO_INCREMENT,
  `image_id` int(10) UNSIGNED NOT NULL,
  `name` varchar(255) CHARACTER SET utf8mb4 COLLATE utf8mb4_unicode_ci NOT NULL,
  `description` longtext CHARACTER SET utf8mb4 COLLATE utf8mb4_unicode_ci NULL,
  `locale` varchar(255) CHARACTER SET utf8mb4 COLLATE utf8mb4_unicode_ci NOT NULL,
  `icon` varchar(255) CHARACTER SET utf8mb4 COLLATE utf8mb4_unicode_ci NOT NULL,
  PRIMARY KEY (`id`) USING BTREE,
  UNIQUE INDEX `hp_images_hostal_translations_image_id_locale_unique`(`image_id`, `locale`) USING BTREE,
  INDEX `hp_images_hostal_translations_locale_index`(`locale`) USING BTREE,
  CONSTRAINT `hp_images_hostal_translations_image_id_foreign` FOREIGN KEY (`image_id`) REFERENCES `hp_images_hostal` (`id`) ON DELETE CASCADE ON UPDATE RESTRICT
) ENGINE = InnoDB AUTO_INCREMENT = 58 CHARACTER SET = utf8mb4 COLLATE = utf8mb4_unicode_ci ROW_FORMAT = Dynamic;

-- ----------------------------
-- Records of hp_images_hostal_translations
-- ----------------------------
INSERT INTO `hp_images_hostal_translations` VALUES (16, 12, 'Exterior', NULL, 'es', 'assets/images/flags/128-spain.png');
INSERT INTO `hp_images_hostal_translations` VALUES (17, 12, 'Exterior', NULL, 'en', 'assets/images/flags/260-united-kingdom.png');
INSERT INTO `hp_images_hostal_translations` VALUES (18, 12, 'Dehors', NULL, 'fr', 'assets/images/flags/195-france.png');
INSERT INTO `hp_images_hostal_translations` VALUES (19, 13, 'Hermosa Sala', NULL, 'es', 'assets/images/flags/128-spain.png');
INSERT INTO `hp_images_hostal_translations` VALUES (20, 13, 'Beautiful room', NULL, 'en', 'assets/images/flags/260-united-kingdom.png');
INSERT INTO `hp_images_hostal_translations` VALUES (21, 13, 'Belle chambre', NULL, 'fr', 'assets/images/flags/195-france.png');
INSERT INTO `hp_images_hostal_translations` VALUES (22, 14, 'Exterior', NULL, 'es', 'assets/images/flags/128-spain.png');
INSERT INTO `hp_images_hostal_translations` VALUES (23, 14, 'Exterior', NULL, 'en', 'assets/images/flags/260-united-kingdom.png');
INSERT INTO `hp_images_hostal_translations` VALUES (24, 14, 'Dehors', NULL, 'fr', 'assets/images/flags/195-france.png');
INSERT INTO `hp_images_hostal_translations` VALUES (25, 15, 'Belleza', NULL, 'es', 'assets/images/flags/128-spain.png');
INSERT INTO `hp_images_hostal_translations` VALUES (26, 15, 'Beatufil', NULL, 'en', 'assets/images/flags/260-united-kingdom.png');
INSERT INTO `hp_images_hostal_translations` VALUES (27, 15, 'sdsd', NULL, 'fr', 'assets/images/flags/195-france.png');
INSERT INTO `hp_images_hostal_translations` VALUES (28, 16, 'Hermosa', NULL, 'es', 'assets/images/flags/128-spain.png');
INSERT INTO `hp_images_hostal_translations` VALUES (29, 16, 'Awsome', NULL, 'en', 'assets/images/flags/260-united-kingdom.png');
INSERT INTO `hp_images_hostal_translations` VALUES (30, 16, 'sdsd', NULL, 'fr', 'assets/images/flags/195-france.png');
INSERT INTO `hp_images_hostal_translations` VALUES (31, 17, 'Patio', NULL, 'es', 'assets/images/flags/128-spain.png');
INSERT INTO `hp_images_hostal_translations` VALUES (32, 17, 'Patio en Ingles', NULL, 'en', 'assets/images/flags/260-united-kingdom.png');
INSERT INTO `hp_images_hostal_translations` VALUES (33, 17, 'Patio en frances', NULL, 'fr', 'assets/images/flags/195-france.png');
INSERT INTO `hp_images_hostal_translations` VALUES (34, 18, 'sdsds', NULL, 'es', 'assets/images/flags/128-spain.png');
INSERT INTO `hp_images_hostal_translations` VALUES (35, 18, 'sd', NULL, 'en', 'assets/images/flags/260-united-kingdom.png');
INSERT INTO `hp_images_hostal_translations` VALUES (36, 18, 'sd', NULL, 'fr', 'assets/images/flags/195-france.png');
INSERT INTO `hp_images_hostal_translations` VALUES (37, 19, 'Hermosa vista', NULL, 'es', 'assets/images/flags/128-spain.png');
INSERT INTO `hp_images_hostal_translations` VALUES (38, 19, 'Beatiful', NULL, 'en', 'assets/images/flags/260-united-kingdom.png');
INSERT INTO `hp_images_hostal_translations` VALUES (39, 19, 'Beatiful', NULL, 'fr', 'assets/images/flags/195-france.png');
INSERT INTO `hp_images_hostal_translations` VALUES (40, 20, 'Banner del hostal', NULL, 'es', 'assets/images/flags/128-spain.png');
INSERT INTO `hp_images_hostal_translations` VALUES (41, 20, 'Banner del hostal', NULL, 'en', 'assets/images/flags/260-united-kingdom.png');
INSERT INTO `hp_images_hostal_translations` VALUES (42, 20, 'Banner del hostal', NULL, 'fr', 'assets/images/flags/195-france.png');
INSERT INTO `hp_images_hostal_translations` VALUES (43, 21, 'Banner del hostal', NULL, 'es', 'assets/images/flags/128-spain.png');
INSERT INTO `hp_images_hostal_translations` VALUES (44, 21, 'Banner del hostal', NULL, 'en', 'assets/images/flags/260-united-kingdom.png');
INSERT INTO `hp_images_hostal_translations` VALUES (45, 21, 'Banner del hostal', NULL, 'fr', 'assets/images/flags/195-france.png');
INSERT INTO `hp_images_hostal_translations` VALUES (46, 22, 'Banner del hostal', NULL, 'es', 'assets/images/flags/128-spain.png');
INSERT INTO `hp_images_hostal_translations` VALUES (47, 22, 'Banner del hostal', NULL, 'en', 'assets/images/flags/260-united-kingdom.png');
INSERT INTO `hp_images_hostal_translations` VALUES (48, 22, 'Banner del hostal', NULL, 'fr', 'assets/images/flags/195-france.png');
INSERT INTO `hp_images_hostal_translations` VALUES (49, 23, 'Banner del hostal', NULL, 'es', 'assets/images/flags/128-spain.png');
INSERT INTO `hp_images_hostal_translations` VALUES (50, 23, 'Banner del hostal', NULL, 'en', 'assets/images/flags/260-united-kingdom.png');
INSERT INTO `hp_images_hostal_translations` VALUES (51, 23, 'Banner del hostal', NULL, 'fr', 'assets/images/flags/195-france.png');
INSERT INTO `hp_images_hostal_translations` VALUES (52, 24, 'Exterior', NULL, 'es', 'assets/images/flags/128-spain.png');
INSERT INTO `hp_images_hostal_translations` VALUES (53, 24, 'Exterior', NULL, 'en', 'assets/images/flags/260-united-kingdom.png');
INSERT INTO `hp_images_hostal_translations` VALUES (54, 24, 'sd', NULL, 'fr', 'assets/images/flags/195-france.png');
INSERT INTO `hp_images_hostal_translations` VALUES (55, 25, 'Sala', NULL, 'es', 'assets/images/flags/128-spain.png');
INSERT INTO `hp_images_hostal_translations` VALUES (56, 25, 'sds', NULL, 'en', 'assets/images/flags/260-united-kingdom.png');
INSERT INTO `hp_images_hostal_translations` VALUES (57, 25, 'sdsd', NULL, 'fr', 'assets/images/flags/195-france.png');

-- ----------------------------
-- Table structure for hp_images_service
-- ----------------------------
DROP TABLE IF EXISTS `hp_images_service`;
CREATE TABLE `hp_images_service`  (
  `id` int(10) UNSIGNED NOT NULL AUTO_INCREMENT,
  `name-visual` varchar(255) CHARACTER SET utf8mb4 COLLATE utf8mb4_unicode_ci NOT NULL,
  `description-visual` longtext CHARACTER SET utf8mb4 COLLATE utf8mb4_unicode_ci NULL,
  `url` varchar(255) CHARACTER SET utf8mb4 COLLATE utf8mb4_unicode_ci NOT NULL,
  `main` tinyint(1) NOT NULL,
  `service_id` int(10) UNSIGNED NULL DEFAULT NULL,
  `created_at` timestamp(0) NULL DEFAULT NULL,
  `updated_at` timestamp(0) NULL DEFAULT NULL,
  `estado` varchar(255) CHARACTER SET utf8mb4 COLLATE utf8mb4_unicode_ci NULL DEFAULT NULL,
  PRIMARY KEY (`id`) USING BTREE,
  INDEX `hp_images_service_service_id_foreign`(`service_id`) USING BTREE,
  CONSTRAINT `hp_images_service_service_id_foreign` FOREIGN KEY (`service_id`) REFERENCES `hp_services` (`id`) ON DELETE RESTRICT ON UPDATE RESTRICT
) ENGINE = InnoDB AUTO_INCREMENT = 8 CHARACTER SET = utf8mb4 COLLATE = utf8mb4_unicode_ci ROW_FORMAT = Dynamic;

-- ----------------------------
-- Records of hp_images_service
-- ----------------------------
INSERT INTO `hp_images_service` VALUES (1, 'Paseo', NULL, 'storage/files/2020/01/12/8410e21fcc34838f248ba8a98f34a0a1.jpg', 1, 11, '2020-01-12 05:16:45', '2020-01-12 05:16:45', 'info');
INSERT INTO `hp_images_service` VALUES (2, 'fgfg', NULL, 'storage/files/2020/01/12/5870227f521b9520414bc8c2f085411d.jpg', 1, 10, '2020-01-12 05:17:35', '2020-01-12 05:17:35', 'info');
INSERT INTO `hp_images_service` VALUES (3, 'ffg', NULL, 'storage/files/2020/01/12/4d49bf6e3d97d7238eedf2d1e9509eea.jpg', 1, 6, '2020-01-12 05:18:25', '2020-01-12 05:18:25', 'info');
INSERT INTO `hp_images_service` VALUES (4, 'fgfg', NULL, 'storage/files/2020/01/12/bc3f1a104ab48317f0d08bbf804b80a9.jpg', 1, 5, '2020-01-12 05:19:15', '2020-01-12 05:19:15', 'info');
INSERT INTO `hp_images_service` VALUES (5, 'sdsd', NULL, 'storage/files/2020/01/12/f9c4fac55f784a9e789e5eea7aefef33.jpg', 1, 4, '2020-01-12 08:16:02', '2020-01-12 08:16:02', 'info');
INSERT INTO `hp_images_service` VALUES (6, 'Banner principal', NULL, 'storage/files/2020/01/20/33ccccdd2d663f1e3873427fd4a7732b.jpg', 1, 4, '2020-01-20 05:22:02', '2020-01-20 05:22:02', 'banner');
INSERT INTO `hp_images_service` VALUES (7, 'ds', 'sds', 'storage/files/2020/02/10/d165b5ddf5fe8d0e4695dca5afaa8f7b.jpg', 1, 4, '2020-02-10 02:03:02', '2020-02-10 02:03:02', 'background');

-- ----------------------------
-- Table structure for hp_images_service_translations
-- ----------------------------
DROP TABLE IF EXISTS `hp_images_service_translations`;
CREATE TABLE `hp_images_service_translations`  (
  `id` int(10) UNSIGNED NOT NULL AUTO_INCREMENT,
  `image_id` int(10) UNSIGNED NOT NULL,
  `name` varchar(255) CHARACTER SET utf8mb4 COLLATE utf8mb4_unicode_ci NOT NULL,
  `description` longtext CHARACTER SET utf8mb4 COLLATE utf8mb4_unicode_ci NULL,
  `locale` varchar(255) CHARACTER SET utf8mb4 COLLATE utf8mb4_unicode_ci NOT NULL,
  `icon` varchar(255) CHARACTER SET utf8mb4 COLLATE utf8mb4_unicode_ci NOT NULL,
  PRIMARY KEY (`id`) USING BTREE,
  UNIQUE INDEX `hp_images_service_translations_image_id_locale_unique`(`image_id`, `locale`) USING BTREE,
  INDEX `hp_images_service_translations_locale_index`(`locale`) USING BTREE,
  CONSTRAINT `hp_images_service_translations_image_id_foreign` FOREIGN KEY (`image_id`) REFERENCES `hp_images_service` (`id`) ON DELETE CASCADE ON UPDATE RESTRICT
) ENGINE = InnoDB AUTO_INCREMENT = 22 CHARACTER SET = utf8mb4 COLLATE = utf8mb4_unicode_ci ROW_FORMAT = Dynamic;

-- ----------------------------
-- Records of hp_images_service_translations
-- ----------------------------
INSERT INTO `hp_images_service_translations` VALUES (1, 1, 'Paseo', NULL, 'es', 'assets/images/flags/128-spain.png');
INSERT INTO `hp_images_service_translations` VALUES (2, 1, 'City', NULL, 'en', 'assets/images/flags/260-united-kingdom.png');
INSERT INTO `hp_images_service_translations` VALUES (3, 1, 'tyty', NULL, 'fr', 'assets/images/flags/195-france.png');
INSERT INTO `hp_images_service_translations` VALUES (4, 2, 'fgfg', NULL, 'es', 'assets/images/flags/128-spain.png');
INSERT INTO `hp_images_service_translations` VALUES (5, 2, 'fg', NULL, 'en', 'assets/images/flags/260-united-kingdom.png');
INSERT INTO `hp_images_service_translations` VALUES (6, 2, 'fgfg', NULL, 'fr', 'assets/images/flags/195-france.png');
INSERT INTO `hp_images_service_translations` VALUES (7, 3, 'ffg', NULL, 'es', 'assets/images/flags/128-spain.png');
INSERT INTO `hp_images_service_translations` VALUES (8, 3, 'fgfg', NULL, 'en', 'assets/images/flags/260-united-kingdom.png');
INSERT INTO `hp_images_service_translations` VALUES (9, 3, 'fgfg', NULL, 'fr', 'assets/images/flags/195-france.png');
INSERT INTO `hp_images_service_translations` VALUES (10, 4, 'fgfg', NULL, 'es', 'assets/images/flags/128-spain.png');
INSERT INTO `hp_images_service_translations` VALUES (11, 4, 'fgfg', NULL, 'en', 'assets/images/flags/260-united-kingdom.png');
INSERT INTO `hp_images_service_translations` VALUES (12, 4, 'fgf', NULL, 'fr', 'assets/images/flags/195-france.png');
INSERT INTO `hp_images_service_translations` VALUES (13, 5, 'sdsd', NULL, 'es', 'assets/images/flags/128-spain.png');
INSERT INTO `hp_images_service_translations` VALUES (14, 5, 'sd', NULL, 'en', 'assets/images/flags/260-united-kingdom.png');
INSERT INTO `hp_images_service_translations` VALUES (15, 5, 'sds', NULL, 'fr', 'assets/images/flags/195-france.png');
INSERT INTO `hp_images_service_translations` VALUES (16, 6, 'Banner principal', NULL, 'es', 'assets/images/flags/128-spain.png');
INSERT INTO `hp_images_service_translations` VALUES (17, 6, 'main banner', NULL, 'en', 'assets/images/flags/260-united-kingdom.png');
INSERT INTO `hp_images_service_translations` VALUES (18, 6, 'dfdfdf', NULL, 'fr', 'assets/images/flags/195-france.png');
INSERT INTO `hp_images_service_translations` VALUES (19, 7, 'ds', 'sds', 'es', 'assets/images/flags/128-spain.png');
INSERT INTO `hp_images_service_translations` VALUES (20, 7, 'sds', 'ds', 'en', 'assets/images/flags/260-united-kingdom.png');
INSERT INTO `hp_images_service_translations` VALUES (21, 7, 'sds', 'sds', 'fr', 'assets/images/flags/195-france.png');

-- ----------------------------
-- Table structure for hp_images_translations
-- ----------------------------
DROP TABLE IF EXISTS `hp_images_translations`;
CREATE TABLE `hp_images_translations`  (
  `id` int(10) UNSIGNED NOT NULL AUTO_INCREMENT,
  `image_id` int(10) UNSIGNED NOT NULL,
  `name` varchar(255) CHARACTER SET utf8mb4 COLLATE utf8mb4_unicode_ci NOT NULL,
  `description` longtext CHARACTER SET utf8mb4 COLLATE utf8mb4_unicode_ci NULL,
  `locale` varchar(255) CHARACTER SET utf8mb4 COLLATE utf8mb4_unicode_ci NOT NULL,
  `icon` varchar(255) CHARACTER SET utf8mb4 COLLATE utf8mb4_unicode_ci NOT NULL,
  PRIMARY KEY (`id`) USING BTREE,
  UNIQUE INDEX `hp_images_translations_image_id_locale_unique`(`image_id`, `locale`) USING BTREE,
  INDEX `hp_images_translations_locale_index`(`locale`) USING BTREE,
  CONSTRAINT `hp_images_translations_image_id_foreign` FOREIGN KEY (`image_id`) REFERENCES `hp_images` (`id`) ON DELETE CASCADE ON UPDATE RESTRICT
) ENGINE = InnoDB AUTO_INCREMENT = 16 CHARACTER SET = utf8mb4 COLLATE = utf8mb4_unicode_ci ROW_FORMAT = Dynamic;

-- ----------------------------
-- Records of hp_images_translations
-- ----------------------------
INSERT INTO `hp_images_translations` VALUES (1, 1, 'Foto Habitación Sencilla', NULL, 'es', 'assets/images/flags/128-spain.png');
INSERT INTO `hp_images_translations` VALUES (2, 1, 'Photo Single Room', NULL, 'en', 'assets/images/flags/260-united-kingdom.png');
INSERT INTO `hp_images_translations` VALUES (3, 1, 'sdsdsd', NULL, 'fr', 'assets/images/flags/195-france.png');
INSERT INTO `hp_images_translations` VALUES (4, 2, 'Foto Habitación Doble', NULL, 'es', 'assets/images/flags/128-spain.png');
INSERT INTO `hp_images_translations` VALUES (5, 2, 'Photo Doble Room', NULL, 'en', 'assets/images/flags/260-united-kingdom.png');
INSERT INTO `hp_images_translations` VALUES (6, 2, 'dfdfdf', NULL, 'fr', 'assets/images/flags/195-france.png');
INSERT INTO `hp_images_translations` VALUES (7, 3, 'Foto Habitación Triple', NULL, 'es', 'assets/images/flags/128-spain.png');
INSERT INTO `hp_images_translations` VALUES (8, 3, 'Photo Triple Room', NULL, 'en', 'assets/images/flags/260-united-kingdom.png');
INSERT INTO `hp_images_translations` VALUES (9, 3, 'sdsdsd', NULL, 'fr', 'assets/images/flags/195-france.png');
INSERT INTO `hp_images_translations` VALUES (10, 4, 'Foto Habitación Sencilla Doble', NULL, 'es', 'assets/images/flags/128-spain.png');
INSERT INTO `hp_images_translations` VALUES (11, 4, 'Photo Single Doble Room', NULL, 'en', 'assets/images/flags/260-united-kingdom.png');
INSERT INTO `hp_images_translations` VALUES (12, 4, 'sdsdsd', NULL, 'fr', 'assets/images/flags/195-france.png');
INSERT INTO `hp_images_translations` VALUES (13, 5, 'Foto Habitación Duplex', NULL, 'es', 'assets/images/flags/128-spain.png');
INSERT INTO `hp_images_translations` VALUES (14, 5, 'Photo Duplex Room', NULL, 'en', 'assets/images/flags/260-united-kingdom.png');
INSERT INTO `hp_images_translations` VALUES (15, 5, 'sdsd', NULL, 'fr', 'assets/images/flags/195-france.png');

-- ----------------------------
-- Table structure for hp_politicas
-- ----------------------------
DROP TABLE IF EXISTS `hp_politicas`;
CREATE TABLE `hp_politicas`  (
  `id` int(10) UNSIGNED NOT NULL AUTO_INCREMENT,
  `name-visual` varchar(255) CHARACTER SET utf8mb4 COLLATE utf8mb4_unicode_ci NOT NULL,
  `created_at` timestamp(0) NULL DEFAULT NULL,
  `updated_at` timestamp(0) NULL DEFAULT NULL,
  `icon` varchar(255) CHARACTER SET utf8mb4 COLLATE utf8mb4_unicode_ci NULL DEFAULT NULL,
  PRIMARY KEY (`id`) USING BTREE
) ENGINE = InnoDB AUTO_INCREMENT = 3 CHARACTER SET = utf8mb4 COLLATE = utf8mb4_unicode_ci ROW_FORMAT = Dynamic;

-- ----------------------------
-- Records of hp_politicas
-- ----------------------------
INSERT INTO `hp_politicas` VALUES (1, 'No Fumar', '2019-12-19 22:19:00', '2019-12-19 22:19:00', 'icon_set_1_icon-77');
INSERT INTO `hp_politicas` VALUES (2, 'No gritar', '2019-12-19 22:19:55', '2019-12-19 22:19:55', 'icon_set_1_icon-100');

-- ----------------------------
-- Table structure for hp_politicas_hostales
-- ----------------------------
DROP TABLE IF EXISTS `hp_politicas_hostales`;
CREATE TABLE `hp_politicas_hostales`  (
  `politica_id` int(10) UNSIGNED NOT NULL,
  `hostal_id` int(10) UNSIGNED NOT NULL,
  INDEX `hp_politicas_hostales_politica_id_foreign`(`politica_id`) USING BTREE,
  INDEX `hp_politicas_hostales_hostal_id_foreign`(`hostal_id`) USING BTREE,
  CONSTRAINT `hp_politicas_hostales_hostal_id_foreign` FOREIGN KEY (`hostal_id`) REFERENCES `hp_hostales` (`id`) ON DELETE CASCADE ON UPDATE RESTRICT,
  CONSTRAINT `hp_politicas_hostales_politica_id_foreign` FOREIGN KEY (`politica_id`) REFERENCES `hp_politicas` (`id`) ON DELETE CASCADE ON UPDATE RESTRICT
) ENGINE = InnoDB CHARACTER SET = utf8mb4 COLLATE = utf8mb4_unicode_ci ROW_FORMAT = Dynamic;

-- ----------------------------
-- Records of hp_politicas_hostales
-- ----------------------------
INSERT INTO `hp_politicas_hostales` VALUES (1, 4);
INSERT INTO `hp_politicas_hostales` VALUES (2, 4);

-- ----------------------------
-- Table structure for hp_politicas_translations
-- ----------------------------
DROP TABLE IF EXISTS `hp_politicas_translations`;
CREATE TABLE `hp_politicas_translations`  (
  `id` int(10) UNSIGNED NOT NULL AUTO_INCREMENT,
  `politica_id` int(10) UNSIGNED NOT NULL,
  `name` varchar(255) CHARACTER SET utf8mb4 COLLATE utf8mb4_unicode_ci NOT NULL,
  `locale` varchar(255) CHARACTER SET utf8mb4 COLLATE utf8mb4_unicode_ci NOT NULL,
  `icon` varchar(255) CHARACTER SET utf8mb4 COLLATE utf8mb4_unicode_ci NOT NULL,
  PRIMARY KEY (`id`) USING BTREE,
  UNIQUE INDEX `hp_politicas_translations_politica_id_locale_unique`(`politica_id`, `locale`) USING BTREE,
  INDEX `hp_politicas_translations_locale_index`(`locale`) USING BTREE,
  CONSTRAINT `hp_politicas_translations_politica_id_foreign` FOREIGN KEY (`politica_id`) REFERENCES `hp_politicas` (`id`) ON DELETE CASCADE ON UPDATE RESTRICT
) ENGINE = InnoDB AUTO_INCREMENT = 7 CHARACTER SET = utf8mb4 COLLATE = utf8mb4_unicode_ci ROW_FORMAT = Dynamic;

-- ----------------------------
-- Records of hp_politicas_translations
-- ----------------------------
INSERT INTO `hp_politicas_translations` VALUES (1, 1, 'No Fumar', 'es', 'assets/images/flags/128-spain.png');
INSERT INTO `hp_politicas_translations` VALUES (2, 1, 'Dot Smoking', 'en', 'assets/images/flags/260-united-kingdom.png');
INSERT INTO `hp_politicas_translations` VALUES (3, 1, 'dfdf', 'fr', 'assets/images/flags/195-france.png');
INSERT INTO `hp_politicas_translations` VALUES (4, 2, 'No gritar', 'es', 'assets/images/flags/128-spain.png');
INSERT INTO `hp_politicas_translations` VALUES (5, 2, 'sd', 'en', 'assets/images/flags/260-united-kingdom.png');
INSERT INTO `hp_politicas_translations` VALUES (6, 2, 'sd', 'fr', 'assets/images/flags/195-france.png');

-- ----------------------------
-- Table structure for hp_prices
-- ----------------------------
DROP TABLE IF EXISTS `hp_prices`;
CREATE TABLE `hp_prices`  (
  `id` int(10) UNSIGNED NOT NULL AUTO_INCREMENT,
  `price` double(8, 2) NOT NULL,
  `season_id` int(10) UNSIGNED NOT NULL,
  `hostal_id` int(10) UNSIGNED NOT NULL,
  `room_id` int(10) UNSIGNED NOT NULL,
  `created_at` timestamp(0) NULL DEFAULT NULL,
  `updated_at` timestamp(0) NULL DEFAULT NULL,
  PRIMARY KEY (`id`) USING BTREE,
  UNIQUE INDEX `hp_prices_room_id_season_id_price_unique`(`room_id`, `season_id`, `price`) USING BTREE,
  INDEX `hp_prices_season_id_foreign`(`season_id`) USING BTREE,
  INDEX `hp_prices_hostal_id_foreign`(`hostal_id`) USING BTREE,
  CONSTRAINT `hp_prices_hostal_id_foreign` FOREIGN KEY (`hostal_id`) REFERENCES `hp_hostales` (`id`) ON DELETE RESTRICT ON UPDATE RESTRICT,
  CONSTRAINT `hp_prices_room_id_foreign` FOREIGN KEY (`room_id`) REFERENCES `hp_rooms` (`id`) ON DELETE RESTRICT ON UPDATE RESTRICT,
  CONSTRAINT `hp_prices_season_id_foreign` FOREIGN KEY (`season_id`) REFERENCES `hp_seasons` (`id`) ON DELETE RESTRICT ON UPDATE RESTRICT
) ENGINE = InnoDB AUTO_INCREMENT = 79 CHARACTER SET = utf8mb4 COLLATE = utf8mb4_unicode_ci ROW_FORMAT = Dynamic;

-- ----------------------------
-- Records of hp_prices
-- ----------------------------
INSERT INTO `hp_prices` VALUES (28, 35.00, 1, 1, 15, '2019-12-07 18:37:07', '2019-12-07 18:37:07');
INSERT INTO `hp_prices` VALUES (29, 30.00, 2, 1, 15, '2019-12-07 18:37:20', '2019-12-07 18:37:20');
INSERT INTO `hp_prices` VALUES (30, 50.00, 3, 1, 15, '2019-12-07 18:37:33', '2019-12-07 18:37:33');
INSERT INTO `hp_prices` VALUES (37, 40.00, 1, 4, 4, '2019-12-09 01:17:12', '2019-12-09 01:17:12');
INSERT INTO `hp_prices` VALUES (38, 35.00, 2, 4, 4, '2019-12-09 01:17:12', '2019-12-09 01:17:12');
INSERT INTO `hp_prices` VALUES (39, 60.00, 3, 4, 4, '2019-12-09 01:17:12', '2019-12-09 01:17:12');
INSERT INTO `hp_prices` VALUES (40, 35.00, 1, 4, 3, '2019-12-09 01:17:31', '2019-12-09 01:17:31');
INSERT INTO `hp_prices` VALUES (41, 30.00, 2, 4, 3, '2019-12-09 01:17:31', '2019-12-09 01:17:31');
INSERT INTO `hp_prices` VALUES (42, 55.00, 3, 4, 3, '2019-12-09 01:17:31', '2019-12-09 01:17:31');
INSERT INTO `hp_prices` VALUES (43, 30.00, 1, 4, 2, '2019-12-09 01:17:51', '2019-12-09 01:17:51');
INSERT INTO `hp_prices` VALUES (44, 25.00, 2, 4, 2, '2019-12-09 01:17:51', '2019-12-09 01:17:51');
INSERT INTO `hp_prices` VALUES (45, 40.00, 3, 4, 2, '2019-12-09 01:17:51', '2019-12-09 01:17:51');
INSERT INTO `hp_prices` VALUES (46, 35.00, 1, 3, 19, '2019-12-09 01:20:56', '2019-12-09 01:20:56');
INSERT INTO `hp_prices` VALUES (47, 30.00, 2, 3, 19, '2019-12-09 01:20:56', '2019-12-09 01:20:56');
INSERT INTO `hp_prices` VALUES (48, 50.00, 3, 3, 19, '2019-12-09 01:20:56', '2019-12-09 01:20:56');
INSERT INTO `hp_prices` VALUES (49, 67.00, 1, 3, 6, '2019-12-09 02:15:24', '2019-12-09 02:15:24');
INSERT INTO `hp_prices` VALUES (50, 15.00, 2, 3, 6, '2019-12-09 02:15:30', '2019-12-09 02:15:30');
INSERT INTO `hp_prices` VALUES (51, 78.00, 3, 3, 6, '2019-12-09 02:15:36', '2019-12-09 02:15:36');
INSERT INTO `hp_prices` VALUES (52, 56.00, 1, 3, 5, '2019-12-09 02:28:50', '2019-12-09 02:28:50');
INSERT INTO `hp_prices` VALUES (53, 6.00, 2, 3, 5, '2019-12-09 02:28:50', '2019-12-09 02:28:50');
INSERT INTO `hp_prices` VALUES (54, 55.00, 3, 3, 5, '2019-12-09 02:28:50', '2019-12-09 02:28:50');
INSERT INTO `hp_prices` VALUES (55, 67.00, 1, 3, 7, '2019-12-09 02:51:32', '2019-12-09 02:51:32');
INSERT INTO `hp_prices` VALUES (56, 56.00, 2, 3, 7, '2019-12-09 02:51:32', '2019-12-09 02:51:32');
INSERT INTO `hp_prices` VALUES (57, 45.00, 3, 3, 7, '2019-12-09 02:51:32', '2019-12-09 02:51:32');
INSERT INTO `hp_prices` VALUES (58, 56.00, 1, 2, 10, '2019-12-09 02:54:21', '2019-12-09 02:54:21');
INSERT INTO `hp_prices` VALUES (59, 5.00, 2, 2, 10, '2019-12-09 02:54:21', '2019-12-09 02:54:21');
INSERT INTO `hp_prices` VALUES (60, 45.00, 3, 2, 10, '2019-12-09 02:54:21', '2019-12-09 02:54:21');
INSERT INTO `hp_prices` VALUES (61, 3.00, 1, 2, 9, '2019-12-09 02:54:36', '2019-12-09 02:54:36');
INSERT INTO `hp_prices` VALUES (62, 23.00, 2, 2, 9, '2019-12-09 02:54:36', '2019-12-09 02:54:36');
INSERT INTO `hp_prices` VALUES (63, 23.00, 3, 2, 9, '2019-12-09 02:54:36', '2019-12-09 02:54:36');
INSERT INTO `hp_prices` VALUES (64, 4.00, 1, 2, 8, '2019-12-09 02:54:58', '2019-12-09 02:54:58');
INSERT INTO `hp_prices` VALUES (65, 67.00, 2, 2, 8, '2019-12-09 02:54:58', '2019-12-09 02:54:58');
INSERT INTO `hp_prices` VALUES (66, 78.00, 3, 2, 8, '2019-12-09 02:54:58', '2019-12-09 02:54:58');
INSERT INTO `hp_prices` VALUES (67, 87.00, 1, 1, 14, '2019-12-09 02:55:41', '2019-12-09 02:55:41');
INSERT INTO `hp_prices` VALUES (68, 56.00, 2, 1, 14, '2019-12-09 02:55:41', '2019-12-09 02:55:41');
INSERT INTO `hp_prices` VALUES (69, 45.00, 3, 1, 14, '2019-12-09 02:55:41', '2019-12-09 02:55:41');
INSERT INTO `hp_prices` VALUES (70, 5.00, 1, 1, 13, '2019-12-09 02:55:57', '2019-12-09 02:55:57');
INSERT INTO `hp_prices` VALUES (71, 4.00, 2, 1, 13, '2019-12-09 02:55:57', '2019-12-09 02:55:57');
INSERT INTO `hp_prices` VALUES (72, 3.00, 3, 1, 13, '2019-12-09 02:55:57', '2019-12-09 02:55:57');
INSERT INTO `hp_prices` VALUES (73, 45.00, 1, 1, 12, '2019-12-09 02:56:14', '2019-12-09 02:56:14');
INSERT INTO `hp_prices` VALUES (74, 56.00, 2, 1, 12, '2019-12-09 02:56:14', '2019-12-09 02:56:14');
INSERT INTO `hp_prices` VALUES (75, 3.00, 3, 1, 12, '2019-12-09 02:56:14', '2019-12-09 02:56:14');
INSERT INTO `hp_prices` VALUES (76, 6.00, 1, 1, 11, '2019-12-09 02:56:32', '2019-12-09 02:56:32');
INSERT INTO `hp_prices` VALUES (77, 54.00, 2, 1, 11, '2019-12-09 02:56:32', '2019-12-09 02:56:32');
INSERT INTO `hp_prices` VALUES (78, 5.00, 3, 1, 11, '2019-12-09 02:56:32', '2019-12-09 02:56:32');

-- ----------------------------
-- Table structure for hp_rooms
-- ----------------------------
DROP TABLE IF EXISTS `hp_rooms`;
CREATE TABLE `hp_rooms`  (
  `id` int(10) UNSIGNED NOT NULL AUTO_INCREMENT,
  `hostal_id` int(10) UNSIGNED NOT NULL,
  `type_room_id` int(10) UNSIGNED NOT NULL,
  `name-visual` varchar(255) CHARACTER SET utf8mb4 COLLATE utf8mb4_unicode_ci NOT NULL,
  `description-visual` longtext CHARACTER SET utf8mb4 COLLATE utf8mb4_unicode_ci NULL,
  `created_at` timestamp(0) NULL DEFAULT NULL,
  `updated_at` timestamp(0) NULL DEFAULT NULL,
  `count_people` int(11) NULL DEFAULT NULL,
  PRIMARY KEY (`id`) USING BTREE,
  INDEX `hp_rooms_hostal_id_foreign`(`hostal_id`) USING BTREE,
  INDEX `hp_rooms_type_room_id_foreign`(`type_room_id`) USING BTREE,
  CONSTRAINT `hp_rooms_hostal_id_foreign` FOREIGN KEY (`hostal_id`) REFERENCES `hp_hostales` (`id`) ON DELETE RESTRICT ON UPDATE RESTRICT,
  CONSTRAINT `hp_rooms_type_room_id_foreign` FOREIGN KEY (`type_room_id`) REFERENCES `hp_types_room` (`id`) ON DELETE RESTRICT ON UPDATE RESTRICT
) ENGINE = InnoDB AUTO_INCREMENT = 20 CHARACTER SET = utf8mb4 COLLATE = utf8mb4_unicode_ci ROW_FORMAT = Dynamic;

-- ----------------------------
-- Records of hp_rooms
-- ----------------------------
INSERT INTO `hp_rooms` VALUES (2, 4, 1, 'Sencilla', NULL, '2019-12-07 07:55:56', '2019-12-09 01:17:51', 1);
INSERT INTO `hp_rooms` VALUES (3, 4, 2, 'Doble', NULL, '2019-12-07 16:44:27', '2019-12-09 01:17:31', 2);
INSERT INTO `hp_rooms` VALUES (4, 4, 3, 'Triple', NULL, '2019-12-07 16:45:01', '2019-12-23 02:30:24', 3);
INSERT INTO `hp_rooms` VALUES (5, 3, 1, 'Sencilla', 'La habitación single es una habitación más pequeña que el resto de las habitaciones, pero con todas las comodidades', '2019-12-07 18:05:35', '2019-12-09 02:28:50', 1);
INSERT INTO `hp_rooms` VALUES (6, 3, 2, 'Doble', NULL, '2019-12-07 18:06:12', '2019-12-09 02:27:49', 2);
INSERT INTO `hp_rooms` VALUES (7, 3, 3, 'Triple', NULL, '2019-12-07 18:06:30', '2019-12-09 02:51:32', 3);
INSERT INTO `hp_rooms` VALUES (8, 2, 1, 'Sencilla', NULL, '2019-12-07 18:22:30', '2019-12-09 02:54:58', 1);
INSERT INTO `hp_rooms` VALUES (9, 2, 2, 'Doble', NULL, '2019-12-07 18:22:44', '2019-12-09 02:54:36', 2);
INSERT INTO `hp_rooms` VALUES (10, 2, 3, 'Triple', NULL, '2019-12-07 18:22:58', '2019-12-23 02:31:55', 3);
INSERT INTO `hp_rooms` VALUES (11, 1, 4, 'Duplex', NULL, '2019-12-07 18:32:17', '2020-01-13 01:22:50', 4);
INSERT INTO `hp_rooms` VALUES (12, 1, 3, 'Triple', NULL, '2019-12-07 18:32:30', '2020-01-13 01:22:06', 3);
INSERT INTO `hp_rooms` VALUES (13, 1, 2, 'Doble', NULL, '2019-12-07 18:32:44', '2020-01-12 16:48:01', 2);
INSERT INTO `hp_rooms` VALUES (14, 1, 1, 'Sencilla', 'La habitación single es una habitación más pequeña que el resto de las habitaciones y sin balcón pero con todas las comodidades.', '2019-12-07 18:33:02', '2020-01-12 16:47:29', 1);
INSERT INTO `hp_rooms` VALUES (15, 1, 6, 'Sencilla en doble', 'Una persona alojada en una de las habitaciones principales.', '2019-12-07 18:36:35', '2019-12-23 02:33:58', 1);
INSERT INTO `hp_rooms` VALUES (19, 3, 6, 'Sencilla en doble', 'Una persona alojada en una de las habitaciones principales.', '2019-12-09 01:20:56', '2019-12-23 02:31:01', 1);

-- ----------------------------
-- Table structure for hp_rooms_translations
-- ----------------------------
DROP TABLE IF EXISTS `hp_rooms_translations`;
CREATE TABLE `hp_rooms_translations`  (
  `id` int(10) UNSIGNED NOT NULL AUTO_INCREMENT,
  `room_id` int(10) UNSIGNED NOT NULL,
  `name` varchar(255) CHARACTER SET utf8mb4 COLLATE utf8mb4_unicode_ci NOT NULL,
  `description` longtext CHARACTER SET utf8mb4 COLLATE utf8mb4_unicode_ci NULL,
  `locale` varchar(255) CHARACTER SET utf8mb4 COLLATE utf8mb4_unicode_ci NOT NULL,
  `icon` varchar(255) CHARACTER SET utf8mb4 COLLATE utf8mb4_unicode_ci NOT NULL,
  PRIMARY KEY (`id`) USING BTREE,
  UNIQUE INDEX `hp_rooms_translations_room_id_locale_unique`(`room_id`, `locale`) USING BTREE,
  INDEX `hp_rooms_translations_locale_index`(`locale`) USING BTREE,
  CONSTRAINT `hp_rooms_translations_room_id_foreign` FOREIGN KEY (`room_id`) REFERENCES `hp_rooms` (`id`) ON DELETE CASCADE ON UPDATE RESTRICT
) ENGINE = InnoDB AUTO_INCREMENT = 45 CHARACTER SET = utf8mb4 COLLATE = utf8mb4_unicode_ci ROW_FORMAT = Dynamic;

-- ----------------------------
-- Records of hp_rooms_translations
-- ----------------------------
INSERT INTO `hp_rooms_translations` VALUES (1, 2, 'Sencilla', NULL, 'es', 'assets/images/flags/128-spain.png');
INSERT INTO `hp_rooms_translations` VALUES (2, 2, 'Single', NULL, 'en', 'assets/images/flags/260-united-kingdom.png');
INSERT INTO `hp_rooms_translations` VALUES (3, 3, 'Doble', NULL, 'es', 'assets/images/flags/128-spain.png');
INSERT INTO `hp_rooms_translations` VALUES (4, 3, 'Doble', NULL, 'en', 'assets/images/flags/260-united-kingdom.png');
INSERT INTO `hp_rooms_translations` VALUES (5, 4, 'Triple', NULL, 'es', 'assets/images/flags/128-spain.png');
INSERT INTO `hp_rooms_translations` VALUES (6, 4, 'Triple', NULL, 'en', 'assets/images/flags/260-united-kingdom.png');
INSERT INTO `hp_rooms_translations` VALUES (7, 5, 'Sencilla', 'La habitación single es una habitación más pequeña que el resto de las habitaciones, pero con todas las comodidades', 'es', 'assets/images/flags/128-spain.png');
INSERT INTO `hp_rooms_translations` VALUES (8, 5, 'Single', 'The single room is a smaller room than the rest of the rooms, but with all the comforts.', 'en', 'assets/images/flags/260-united-kingdom.png');
INSERT INTO `hp_rooms_translations` VALUES (9, 6, 'Doble', NULL, 'es', 'assets/images/flags/128-spain.png');
INSERT INTO `hp_rooms_translations` VALUES (10, 6, 'Doble', NULL, 'en', 'assets/images/flags/260-united-kingdom.png');
INSERT INTO `hp_rooms_translations` VALUES (11, 7, 'Triple', NULL, 'es', 'assets/images/flags/128-spain.png');
INSERT INTO `hp_rooms_translations` VALUES (12, 7, 'Triple', NULL, 'en', 'assets/images/flags/260-united-kingdom.png');
INSERT INTO `hp_rooms_translations` VALUES (13, 8, 'Sencilla', NULL, 'es', 'assets/images/flags/128-spain.png');
INSERT INTO `hp_rooms_translations` VALUES (14, 8, 'Single', NULL, 'en', 'assets/images/flags/260-united-kingdom.png');
INSERT INTO `hp_rooms_translations` VALUES (15, 9, 'Doble', NULL, 'es', 'assets/images/flags/128-spain.png');
INSERT INTO `hp_rooms_translations` VALUES (16, 9, 'Doble', NULL, 'en', 'assets/images/flags/260-united-kingdom.png');
INSERT INTO `hp_rooms_translations` VALUES (17, 10, 'Triple', NULL, 'es', 'assets/images/flags/128-spain.png');
INSERT INTO `hp_rooms_translations` VALUES (18, 10, 'Triple', NULL, 'en', 'assets/images/flags/260-united-kingdom.png');
INSERT INTO `hp_rooms_translations` VALUES (19, 11, 'Duplex', NULL, 'es', 'assets/images/flags/128-spain.png');
INSERT INTO `hp_rooms_translations` VALUES (20, 11, 'Duplex', NULL, 'en', 'assets/images/flags/260-united-kingdom.png');
INSERT INTO `hp_rooms_translations` VALUES (21, 12, 'Triple', NULL, 'es', 'assets/images/flags/128-spain.png');
INSERT INTO `hp_rooms_translations` VALUES (22, 12, 'Triple', NULL, 'en', 'assets/images/flags/260-united-kingdom.png');
INSERT INTO `hp_rooms_translations` VALUES (23, 13, 'Doble', NULL, 'es', 'assets/images/flags/128-spain.png');
INSERT INTO `hp_rooms_translations` VALUES (24, 13, 'Doble', NULL, 'en', 'assets/images/flags/260-united-kingdom.png');
INSERT INTO `hp_rooms_translations` VALUES (25, 14, 'Sencilla', 'La habitación single es una habitación más pequeña que el resto de las habitaciones y sin balcón pero con todas las comodidades.', 'es', 'assets/images/flags/128-spain.png');
INSERT INTO `hp_rooms_translations` VALUES (26, 14, 'Sencilla', 'The single room is a smaller room than the rest of the rooms and without balcony but with all the comforts.', 'en', 'assets/images/flags/260-united-kingdom.png');
INSERT INTO `hp_rooms_translations` VALUES (27, 15, 'Sencilla en doble', 'Una persona alojada en una de las habitaciones principales.', 'es', 'assets/images/flags/128-spain.png');
INSERT INTO `hp_rooms_translations` VALUES (28, 15, 'Single in double', 'A person staying in one of the main rooms.', 'en', 'assets/images/flags/260-united-kingdom.png');
INSERT INTO `hp_rooms_translations` VALUES (35, 19, 'Sencilla en doble', 'Una persona alojada en una de las habitaciones principales.', 'es', 'assets/images/flags/128-spain.png');
INSERT INTO `hp_rooms_translations` VALUES (36, 19, 'Single in double', 'Una persona alojada en una de las habitaciones principales.', 'en', 'assets/images/flags/260-united-kingdom.png');
INSERT INTO `hp_rooms_translations` VALUES (37, 19, 'dssd', 'sd', 'fr', 'assets/images/flags/195-france.png');
INSERT INTO `hp_rooms_translations` VALUES (38, 4, 'sad', 'sd', 'fr', 'assets/images/flags/195-france.png');
INSERT INTO `hp_rooms_translations` VALUES (39, 10, 'sdsd', NULL, 'fr', 'assets/images/flags/195-france.png');
INSERT INTO `hp_rooms_translations` VALUES (40, 15, 'sdss', NULL, 'fr', 'assets/images/flags/195-france.png');
INSERT INTO `hp_rooms_translations` VALUES (41, 14, 'dfd', NULL, 'fr', 'assets/images/flags/195-france.png');
INSERT INTO `hp_rooms_translations` VALUES (42, 13, 'dfdf', NULL, 'fr', 'assets/images/flags/195-france.png');
INSERT INTO `hp_rooms_translations` VALUES (43, 12, 'dfdf', NULL, 'fr', 'assets/images/flags/195-france.png');
INSERT INTO `hp_rooms_translations` VALUES (44, 11, 'g', NULL, 'fr', 'assets/images/flags/195-france.png');

-- ----------------------------
-- Table structure for hp_seasons
-- ----------------------------
DROP TABLE IF EXISTS `hp_seasons`;
CREATE TABLE `hp_seasons`  (
  `id` int(10) UNSIGNED NOT NULL AUTO_INCREMENT,
  `name-visual` varchar(255) CHARACTER SET utf8mb4 COLLATE utf8mb4_unicode_ci NOT NULL,
  `created_at` timestamp(0) NULL DEFAULT NULL,
  `updated_at` timestamp(0) NULL DEFAULT NULL,
  PRIMARY KEY (`id`) USING BTREE
) ENGINE = InnoDB AUTO_INCREMENT = 4 CHARACTER SET = utf8mb4 COLLATE = utf8mb4_unicode_ci ROW_FORMAT = Dynamic;

-- ----------------------------
-- Records of hp_seasons
-- ----------------------------
INSERT INTO `hp_seasons` VALUES (1, 'Temporada alta', '2019-12-07 16:50:08', '2019-12-07 16:50:08');
INSERT INTO `hp_seasons` VALUES (2, 'Temporada baja', '2019-12-07 16:50:35', '2019-12-07 16:50:35');
INSERT INTO `hp_seasons` VALUES (3, 'Temporada extrema alta', '2019-12-07 16:50:59', '2019-12-07 16:50:59');

-- ----------------------------
-- Table structure for hp_seasons_date
-- ----------------------------
DROP TABLE IF EXISTS `hp_seasons_date`;
CREATE TABLE `hp_seasons_date`  (
  `id` int(10) UNSIGNED NOT NULL AUTO_INCREMENT,
  `begin` date NOT NULL,
  `end` date NOT NULL,
  `season_id` int(10) UNSIGNED NOT NULL,
  `created_at` timestamp(0) NULL DEFAULT NULL,
  `updated_at` timestamp(0) NULL DEFAULT NULL,
  PRIMARY KEY (`id`) USING BTREE,
  INDEX `hp_seasons_date_season_id_foreign`(`season_id`) USING BTREE,
  CONSTRAINT `hp_seasons_date_season_id_foreign` FOREIGN KEY (`season_id`) REFERENCES `hp_seasons` (`id`) ON DELETE RESTRICT ON UPDATE RESTRICT
) ENGINE = InnoDB AUTO_INCREMENT = 8 CHARACTER SET = utf8mb4 COLLATE = utf8mb4_unicode_ci ROW_FORMAT = Dynamic;

-- ----------------------------
-- Records of hp_seasons_date
-- ----------------------------
INSERT INTO `hp_seasons_date` VALUES (1, '2019-12-20', '2020-01-07', 3, '2019-12-07 17:03:18', '2019-12-07 17:03:47');
INSERT INTO `hp_seasons_date` VALUES (2, '2020-04-12', '2020-04-18', 3, '2019-12-07 17:04:13', '2019-12-07 17:04:13');
INSERT INTO `hp_seasons_date` VALUES (3, '2020-05-01', '2020-06-30', 2, '2019-12-07 17:05:26', '2019-12-07 17:05:26');
INSERT INTO `hp_seasons_date` VALUES (4, '2020-09-01', '2020-10-31', 2, '2019-12-07 17:05:49', '2019-12-07 17:05:49');
INSERT INTO `hp_seasons_date` VALUES (5, '2019-11-01', '2019-12-19', 1, '2019-12-07 17:07:06', '2019-12-07 17:07:06');
INSERT INTO `hp_seasons_date` VALUES (6, '2020-01-08', '2020-04-30', 1, '2019-12-07 17:08:02', '2019-12-07 17:08:02');
INSERT INTO `hp_seasons_date` VALUES (7, '2020-07-01', '2020-08-31', 1, '2019-12-07 17:08:20', '2019-12-07 17:08:20');

-- ----------------------------
-- Table structure for hp_seasons_translations
-- ----------------------------
DROP TABLE IF EXISTS `hp_seasons_translations`;
CREATE TABLE `hp_seasons_translations`  (
  `id` int(10) UNSIGNED NOT NULL AUTO_INCREMENT,
  `season_id` int(10) UNSIGNED NOT NULL,
  `name` varchar(255) CHARACTER SET utf8mb4 COLLATE utf8mb4_unicode_ci NOT NULL,
  `locale` varchar(255) CHARACTER SET utf8mb4 COLLATE utf8mb4_unicode_ci NOT NULL,
  `icon` varchar(255) CHARACTER SET utf8mb4 COLLATE utf8mb4_unicode_ci NOT NULL,
  PRIMARY KEY (`id`) USING BTREE,
  UNIQUE INDEX `hp_seasons_translations_season_id_locale_unique`(`season_id`, `locale`) USING BTREE,
  INDEX `hp_seasons_translations_locale_index`(`locale`) USING BTREE,
  CONSTRAINT `hp_seasons_translations_season_id_foreign` FOREIGN KEY (`season_id`) REFERENCES `hp_seasons` (`id`) ON DELETE CASCADE ON UPDATE RESTRICT
) ENGINE = InnoDB AUTO_INCREMENT = 7 CHARACTER SET = utf8mb4 COLLATE = utf8mb4_unicode_ci ROW_FORMAT = Dynamic;

-- ----------------------------
-- Records of hp_seasons_translations
-- ----------------------------
INSERT INTO `hp_seasons_translations` VALUES (1, 1, 'Temporada alta', 'es', 'assets/images/flags/128-spain.png');
INSERT INTO `hp_seasons_translations` VALUES (2, 1, 'High season', 'en', 'assets/images/flags/260-united-kingdom.png');
INSERT INTO `hp_seasons_translations` VALUES (3, 2, 'Temporada baja', 'es', 'assets/images/flags/128-spain.png');
INSERT INTO `hp_seasons_translations` VALUES (4, 2, 'Low season', 'en', 'assets/images/flags/260-united-kingdom.png');
INSERT INTO `hp_seasons_translations` VALUES (5, 3, 'Temporada extrema alta', 'es', 'assets/images/flags/128-spain.png');
INSERT INTO `hp_seasons_translations` VALUES (6, 3, 'Extremely high season', 'en', 'assets/images/flags/260-united-kingdom.png');

-- ----------------------------
-- Table structure for hp_services
-- ----------------------------
DROP TABLE IF EXISTS `hp_services`;
CREATE TABLE `hp_services`  (
  `id` int(10) UNSIGNED NOT NULL AUTO_INCREMENT,
  `name-visual` varchar(255) CHARACTER SET utf8mb4 COLLATE utf8mb4_unicode_ci NOT NULL,
  `description-visual` longtext CHARACTER SET utf8mb4 COLLATE utf8mb4_unicode_ci NULL,
  `hostal_id` int(10) UNSIGNED NULL DEFAULT NULL,
  `icon` varchar(255) CHARACTER SET utf8mb4 COLLATE utf8mb4_unicode_ci NOT NULL,
  `created_at` timestamp(0) NULL DEFAULT NULL,
  `updated_at` timestamp(0) NULL DEFAULT NULL,
  `price` varchar(255) CHARACTER SET utf8mb4 COLLATE utf8mb4_unicode_ci NULL DEFAULT NULL,
  PRIMARY KEY (`id`) USING BTREE,
  INDEX `hp_services_hostal_id_foreign`(`hostal_id`) USING BTREE,
  CONSTRAINT `hp_services_hostal_id_foreign` FOREIGN KEY (`hostal_id`) REFERENCES `hp_hostales` (`id`) ON DELETE RESTRICT ON UPDATE RESTRICT
) ENGINE = InnoDB AUTO_INCREMENT = 12 CHARACTER SET = utf8mb4 COLLATE = utf8mb4_unicode_ci ROW_FORMAT = Dynamic;

-- ----------------------------
-- Records of hp_services
-- ----------------------------
INSERT INTO `hp_services` VALUES (4, 'Servicio de recogida al aereopuerto', 'Incluye la recogida por un taxista profesional en un auto oficial. Es un modo fácil, seguro y personalizado de comenzar el viaje en Cuba. Será recibido en el lobby del aeropuerto por una persona con un cartel con sus nombres escritos en él. Precio del servicio desde el aeropuerto de La Habana: 30.00 CUC (el precio ya incluye la espera en el aeropuerto). Para recogida desde otros aeropuertos debe contarnos directamente.', NULL, 'icon_set_1_icon-21', '2019-12-08 03:41:47', '2019-12-19 20:58:28', '30');
INSERT INTO `hp_services` VALUES (5, 'Servicio de recogida en la estación de autobús', 'Incluye la recogida por un taxista oficial en la estación de autobús para su traslado al hostal. Será recibido por el taxista a la salida de la estación con el cartel HOSTAL PEREGRINO y su nombre escrito. Precio del servicio: 10.00 CUC.', NULL, 'icon_set_1_icon-26', '2019-12-08 03:55:25', '2019-12-19 20:57:23', '10');
INSERT INTO `hp_services` VALUES (6, 'Desayuno', 'El desayuno es un buffet que incluye: jugos, frutas, pan, mantequilla y miel, café, leche, té, yogurt, chocolate, vegetales, pancake, jamón, tortilla, pastel/bizcochos. El precio es 5.00 CUC por persona.', NULL, 'icon_set_1_icon-58', '2019-12-08 03:56:48', '2019-12-19 20:56:38', '5');
INSERT INTO `hp_services` VALUES (7, 'Lavado', 'El precio del servicio depende del volumen de la ropa a lavar.', NULL, 'icon_set_2_icon-103', '2019-12-08 03:59:39', '2019-12-19 20:55:43', NULL);
INSERT INTO `hp_services` VALUES (8, 'Coctelería', NULL, NULL, 'icon_set_1_icon-20', '2019-12-08 04:01:24', '2019-12-19 20:54:14', NULL);
INSERT INTO `hp_services` VALUES (9, 'Snack', NULL, NULL, 'icon_set_1_icon-9', '2019-12-08 04:04:39', '2019-12-19 20:53:34', NULL);
INSERT INTO `hp_services` VALUES (10, 'City tur', 'Este servicio le permite conocer los principales lugares de la ciudad, sobre todo del centro histórico y la historia que: un guía profesional les llevara mediante un recorrido personalizado y seguro en el cual le mostrará no solo los principales sitios de interés, sino además la historia de los mismos. Las principales rutas son: descubriendo el centro histórico (recorrido a pie por las cuatro principales plazas) visitando la Nueva Habana ( recorrido en auto por el área de Vedado: visita a Plazas de La Revolución, Universidad, Necrópolis de Colon, LA Rampa), al otro lado de la bahía ( visita en auto a Cojimar, organopónico de Alamar y al complejo histórico militar Morro Cabaña, donde puede apreciar una espectacular vista de la ciudad y ver los famosos misiles soviéticos de la Crisis de los Misiles).Usted puede organizar su propio recorrido combinando sitios o itinerarios de varias rutas.\r\nPrecio: Para una persona: 10.00 cuc por hora; para dos personas: 7.50 cuc por persona por hora y para tres personas o más 5.00 cuc por persona, por hora.', NULL, 'icon_set_1_icon-25', '2019-12-08 04:06:31', '2019-12-19 20:52:49', '10');
INSERT INTO `hp_services` VALUES (11, 'Servicio de auto con chofer', 'Brinda la opción de viajar en un auto clásico de los 50, con confort (aire acondicionado, música indirecta) y flexibilidad, permitiendo visitar distintos sitios durante el viaje. Los precios son asequibles, no mucho mas que el de los autobuses regulares. Tambien existe la modalidad de recorrido (round trip) y renta de auto con chofer por varios días.', NULL, 'icon_set_1_icon-21', '2019-12-08 04:19:49', '2019-12-19 20:51:13', NULL);

-- ----------------------------
-- Table structure for hp_services_translations
-- ----------------------------
DROP TABLE IF EXISTS `hp_services_translations`;
CREATE TABLE `hp_services_translations`  (
  `id` int(10) UNSIGNED NOT NULL AUTO_INCREMENT,
  `service_id` int(10) UNSIGNED NOT NULL,
  `name` varchar(255) CHARACTER SET utf8mb4 COLLATE utf8mb4_unicode_ci NOT NULL,
  `description` longtext CHARACTER SET utf8mb4 COLLATE utf8mb4_unicode_ci NULL,
  `locale` varchar(255) CHARACTER SET utf8mb4 COLLATE utf8mb4_unicode_ci NOT NULL,
  `icon` varchar(255) CHARACTER SET utf8mb4 COLLATE utf8mb4_unicode_ci NOT NULL,
  PRIMARY KEY (`id`) USING BTREE,
  UNIQUE INDEX `hp_services_translations_service_id_locale_unique`(`service_id`, `locale`) USING BTREE,
  INDEX `hp_services_translations_locale_index`(`locale`) USING BTREE,
  CONSTRAINT `hp_services_translations_service_id_foreign` FOREIGN KEY (`service_id`) REFERENCES `hp_services` (`id`) ON DELETE CASCADE ON UPDATE RESTRICT
) ENGINE = InnoDB AUTO_INCREMENT = 25 CHARACTER SET = utf8mb4 COLLATE = utf8mb4_unicode_ci ROW_FORMAT = Dynamic;

-- ----------------------------
-- Records of hp_services_translations
-- ----------------------------
INSERT INTO `hp_services_translations` VALUES (1, 4, 'Servicio de recogida al aereopuerto', 'Incluye la recogida por un taxista profesional en un auto oficial. Es un modo fácil, seguro y personalizado de comenzar el viaje en Cuba. Será recibido en el lobby del aeropuerto por una persona con un cartel con sus nombres escritos en él. Precio del servicio desde el aeropuerto de La Habana: 30.00 CUC (el precio ya incluye la espera en el aeropuerto). Para recogida desde otros aeropuertos debe contarnos directamente.', 'es', 'assets/images/flags/128-spain.png');
INSERT INTO `hp_services_translations` VALUES (2, 4, 'Picking up service', 'A professional driver with official license will pick you up at the airport. It is a safe, easy and customized beginning. If you choose this option you will be met at the airport lobby, where you must look for the person who has a poster with your names. Price of the service from Havana airport: 30.00 CUC one way (the price includes the waiting time). For airport picking up service from other airport, please, contact us directly.', 'en', 'assets/images/flags/260-united-kingdom.png');
INSERT INTO `hp_services_translations` VALUES (3, 5, 'Servicio de recogida en la estación de autobús', 'Incluye la recogida por un taxista oficial en la estación de autobús para su traslado al hostal. Será recibido por el taxista a la salida de la estación con el cartel HOSTAL PEREGRINO y su nombre escrito. Precio del servicio: 10.00 CUC.', 'es', 'assets/images/flags/128-spain.png');
INSERT INTO `hp_services_translations` VALUES (4, 5, 'Pick up service at the bus station', 'Includes the collection by an official taxi driver at the bus station for transfer to the hostel. You will be received by the taxi driver at the exit of the station with the HOSTAL PEREGRINO sign and your written name. Price of the service: 10.00 CUC.', 'en', 'assets/images/flags/260-united-kingdom.png');
INSERT INTO `hp_services_translations` VALUES (5, 6, 'Desayuno', 'El desayuno es un buffet que incluye: jugos, frutas, pan, mantequilla y miel, café, leche, té, yogurt, chocolate, vegetales, pancake, jamón, tortilla, pastel/bizcochos. El precio es 5.00 CUC por persona.', 'es', 'assets/images/flags/128-spain.png');
INSERT INTO `hp_services_translations` VALUES (6, 6, 'Breakfast', 'Available on request. Breakfast includes juice, fruits, bread, butter, honey, pastry, milk, coffee, tea, yogurt, omelette, ham, vegetables, hot chocalate, and pancakes. The price is 4.00 CUC per person.', 'en', 'assets/images/flags/260-united-kingdom.png');
INSERT INTO `hp_services_translations` VALUES (7, 7, 'Lavado', 'El precio del servicio depende del volumen de la ropa a lavar.', 'es', 'assets/images/flags/128-spain.png');
INSERT INTO `hp_services_translations` VALUES (8, 7, 'Laundry', 'The price of the service is per amount of clothe.', 'en', 'assets/images/flags/260-united-kingdom.png');
INSERT INTO `hp_services_translations` VALUES (9, 8, 'Coctelería', NULL, 'es', 'assets/images/flags/128-spain.png');
INSERT INTO `hp_services_translations` VALUES (10, 8, 'Cocktails', NULL, 'en', 'assets/images/flags/260-united-kingdom.png');
INSERT INTO `hp_services_translations` VALUES (11, 9, 'Snack', NULL, 'es', 'assets/images/flags/128-spain.png');
INSERT INTO `hp_services_translations` VALUES (12, 9, 'Snack', NULL, 'en', 'assets/images/flags/260-united-kingdom.png');
INSERT INTO `hp_services_translations` VALUES (13, 10, 'City tur', 'Este servicio le permite conocer los principales lugares de la ciudad, sobre todo del centro histórico y la historia que: un guía profesional les llevara mediante un recorrido personalizado y seguro en el cual le mostrará no solo los principales sitios de interés, sino además la historia de los mismos. Las principales rutas son: descubriendo el centro histórico (recorrido a pie por las cuatro principales plazas) visitando la Nueva Habana ( recorrido en auto por el área de Vedado: visita a Plazas de La Revolución, Universidad, Necrópolis de Colon, LA Rampa), al otro lado de la bahía ( visita en auto a Cojimar, organopónico de Alamar y al complejo histórico militar Morro Cabaña, donde puede apreciar una espectacular vista de la ciudad y ver los famosos misiles soviéticos de la Crisis de los Misiles).Usted puede organizar su propio recorrido combinando sitios o itinerarios de varias rutas.\r\nPrecio: Para una persona: 10.00 cuc por hora; para dos personas: 7.50 cuc por persona por hora y para tres personas o más 5.00 cuc por persona, por hora.', 'es', 'assets/images/flags/128-spain.png');
INSERT INTO `hp_services_translations` VALUES (14, 10, 'Citytur', 'This is a very good option of knowing La Habana and its history: a professional guide takes you in a personalized trip to see not only the places, but also the history behind the city.\r\nThe main routes are: discovering the historical center (a walking tour into the four main squares), visiting New Havana (going by car to Vedado: a guided tour to Plaza de La Revolución, University, Necrópolis de Colon, La Rampa), the other side of the harbour ( going by car to Cojimar, organoponico de Alamar and to the Morro Cabaña Military Historical Park, where you can have an spectacular view of the city and the famous soviets missiles of the October Crisis).You can tailor your own trip combining places or itineraries from different routes.\r\nPrice: For one person: 10.00 cuc per person per hour, for two person: 7.50 cuc per person per hour; for three or more people: 5.00 cuc per person, per hour.', 'en', 'assets/images/flags/260-united-kingdom.png');
INSERT INTO `hp_services_translations` VALUES (15, 11, 'Servicio de auto con chofer', 'Brinda la opción de viajar en un auto clásico de los 50, con confort (aire acondicionado, música indirecta) y flexibilidad, permitiendo visitar distintos sitios durante el viaje. Los precios son asequibles, no mucho mas que el de los autobuses regulares. Tambien existe la modalidad de recorrido (round trip) y renta de auto con chofer por varios días.', 'es', 'assets/images/flags/128-spain.png');
INSERT INTO `hp_services_translations` VALUES (16, 11, 'Car + driver service', 'The chauffeured car option lets you enjoy truly extraordinary interesting travel places. You will discover places off the main tourist routes, which can only get there with a personalized and secure car service. The trip is in a vintage car of the 50s, with all the comfort and glamour that characterizes it but with extra facilities such as air conditioner and music. It is driven by a professional driver who knows the places to be visited. It is completely safe; your belongings are carefully maintained. It is very comfortable to carry the luggage. Do not waste time waiting at the bus stations and can decide the places you want to stop along the route. Not only is the connection between cities, but also as a journey to find interesting places along the way. There are different options of this rip:\r\n\r\n– Rounds trips, a day or more trip to visit a place or an area.\r\n\r\n– Intercity , It is a trip go form one city to the next destination, including several stops in interesting places on the road.\r\n\r\n– Car + driver hiring for a period of time.', 'en', 'assets/images/flags/260-united-kingdom.png');
INSERT INTO `hp_services_translations` VALUES (17, 11, 'sd', 'sd', 'fr', 'assets/images/flags/195-france.png');
INSERT INTO `hp_services_translations` VALUES (18, 10, 'xc', 'xc', 'fr', 'assets/images/flags/195-france.png');
INSERT INTO `hp_services_translations` VALUES (19, 9, 'df', 'df', 'fr', 'assets/images/flags/195-france.png');
INSERT INTO `hp_services_translations` VALUES (20, 8, 'df', 'df', 'fr', 'assets/images/flags/195-france.png');
INSERT INTO `hp_services_translations` VALUES (21, 7, 'df', 'df', 'fr', 'assets/images/flags/195-france.png');
INSERT INTO `hp_services_translations` VALUES (22, 6, 'd', 'f', 'fr', 'assets/images/flags/195-france.png');
INSERT INTO `hp_services_translations` VALUES (23, 5, 'hh', 'h', 'fr', 'assets/images/flags/195-france.png');
INSERT INTO `hp_services_translations` VALUES (24, 4, 'd', 'f', 'fr', 'assets/images/flags/195-france.png');

-- ----------------------------
-- Table structure for hp_social
-- ----------------------------
DROP TABLE IF EXISTS `hp_social`;
CREATE TABLE `hp_social`  (
  `id` int(10) UNSIGNED NOT NULL AUTO_INCREMENT,
  `name` varchar(255) CHARACTER SET utf8mb4 COLLATE utf8mb4_unicode_ci NOT NULL,
  `url` varchar(255) CHARACTER SET utf8mb4 COLLATE utf8mb4_unicode_ci NOT NULL,
  `icon` varchar(255) CHARACTER SET utf8mb4 COLLATE utf8mb4_unicode_ci NULL DEFAULT NULL,
  `active` tinyint(1) NOT NULL DEFAULT 1,
  `created_at` timestamp(0) NULL DEFAULT NULL,
  `updated_at` timestamp(0) NULL DEFAULT NULL,
  PRIMARY KEY (`id`) USING BTREE
) ENGINE = InnoDB AUTO_INCREMENT = 8 CHARACTER SET = utf8mb4 COLLATE = utf8mb4_unicode_ci ROW_FORMAT = Dynamic;

-- ----------------------------
-- Records of hp_social
-- ----------------------------
INSERT INTO `hp_social` VALUES (1, 'Facebook', 'https://www.facebook.com/', 'icon-facebook', 1, '2020-02-09 05:07:49', '2020-02-09 05:07:49');
INSERT INTO `hp_social` VALUES (2, 'Twitter', 'https://www.twitter.com/', 'icon-twitter', 1, '2020-02-09 05:08:17', '2020-02-09 05:08:17');
INSERT INTO `hp_social` VALUES (3, 'Google +', 'https://www.google.com/', 'icon-google', 1, '2020-02-09 05:09:03', '2020-02-09 05:09:03');
INSERT INTO `hp_social` VALUES (4, 'Instagram', 'https://www.instagram.com/', 'icon-instagram', 1, '2020-02-09 05:09:26', '2020-02-09 05:09:26');
INSERT INTO `hp_social` VALUES (5, 'Pinterest', 'https://www.pinterest.com/', 'icon-pinterest', 1, '2020-02-09 05:10:37', '2020-02-09 05:10:37');
INSERT INTO `hp_social` VALUES (6, 'Vimeo', 'https://www.vimeo.com/', 'icon-vimeo', 1, '2020-02-09 05:10:57', '2020-02-09 05:10:57');
INSERT INTO `hp_social` VALUES (7, 'Youtube', 'https://www.youtube.com/', 'icon-youtube-play', 1, '2020-02-09 05:11:20', '2020-02-09 05:11:20');

-- ----------------------------
-- Table structure for hp_types_room
-- ----------------------------
DROP TABLE IF EXISTS `hp_types_room`;
CREATE TABLE `hp_types_room`  (
  `id` int(10) UNSIGNED NOT NULL AUTO_INCREMENT,
  `name-visual` varchar(255) CHARACTER SET utf8mb4 COLLATE utf8mb4_unicode_ci NOT NULL,
  `description-visual` longtext CHARACTER SET utf8mb4 COLLATE utf8mb4_unicode_ci NULL,
  `created_at` timestamp(0) NULL DEFAULT NULL,
  `updated_at` timestamp(0) NULL DEFAULT NULL,
  PRIMARY KEY (`id`) USING BTREE,
  UNIQUE INDEX `hp_types_room_name_visual_unique`(`name-visual`) USING BTREE
) ENGINE = InnoDB AUTO_INCREMENT = 7 CHARACTER SET = utf8mb4 COLLATE = utf8mb4_unicode_ci ROW_FORMAT = Dynamic;

-- ----------------------------
-- Records of hp_types_room
-- ----------------------------
INSERT INTO `hp_types_room` VALUES (1, 'Sencilla', '', '2019-12-07 07:33:32', '2019-12-07 07:33:32');
INSERT INTO `hp_types_room` VALUES (2, 'Doble', NULL, '2019-12-07 07:33:50', '2019-12-07 18:35:12');
INSERT INTO `hp_types_room` VALUES (3, 'Triple', '', '2019-12-07 07:34:08', '2019-12-07 07:34:08');
INSERT INTO `hp_types_room` VALUES (4, 'Duplex', NULL, '2019-12-07 18:28:35', '2019-12-08 19:56:23');
INSERT INTO `hp_types_room` VALUES (6, 'Sencilla en doble', NULL, '2019-12-07 18:34:47', '2019-12-07 18:35:30');

-- ----------------------------
-- Table structure for hp_types_room_translations
-- ----------------------------
DROP TABLE IF EXISTS `hp_types_room_translations`;
CREATE TABLE `hp_types_room_translations`  (
  `id` int(10) UNSIGNED NOT NULL AUTO_INCREMENT,
  `type_room_id` int(10) UNSIGNED NOT NULL,
  `name` varchar(255) CHARACTER SET utf8mb4 COLLATE utf8mb4_unicode_ci NOT NULL,
  `description` longtext CHARACTER SET utf8mb4 COLLATE utf8mb4_unicode_ci NULL,
  `locale` varchar(255) CHARACTER SET utf8mb4 COLLATE utf8mb4_unicode_ci NOT NULL,
  `icon` varchar(255) CHARACTER SET utf8mb4 COLLATE utf8mb4_unicode_ci NOT NULL,
  PRIMARY KEY (`id`) USING BTREE,
  UNIQUE INDEX `hp_types_room_translations_type_room_id_locale_unique`(`type_room_id`, `locale`) USING BTREE,
  INDEX `hp_types_room_translations_locale_index`(`locale`) USING BTREE,
  CONSTRAINT `hp_types_room_translations_type_room_id_foreign` FOREIGN KEY (`type_room_id`) REFERENCES `hp_types_room` (`id`) ON DELETE CASCADE ON UPDATE RESTRICT
) ENGINE = InnoDB AUTO_INCREMENT = 13 CHARACTER SET = utf8mb4 COLLATE = utf8mb4_unicode_ci ROW_FORMAT = Dynamic;

-- ----------------------------
-- Records of hp_types_room_translations
-- ----------------------------
INSERT INTO `hp_types_room_translations` VALUES (1, 1, 'Sencilla', '', 'es', 'assets/images/flags/128-spain.png');
INSERT INTO `hp_types_room_translations` VALUES (2, 1, 'Single', '', 'en', 'assets/images/flags/260-united-kingdom.png');
INSERT INTO `hp_types_room_translations` VALUES (3, 2, 'Doble', NULL, 'es', 'assets/images/flags/128-spain.png');
INSERT INTO `hp_types_room_translations` VALUES (4, 2, 'Double', NULL, 'en', 'assets/images/flags/260-united-kingdom.png');
INSERT INTO `hp_types_room_translations` VALUES (5, 3, 'Triple', '', 'es', 'assets/images/flags/128-spain.png');
INSERT INTO `hp_types_room_translations` VALUES (6, 3, 'Triple', '', 'en', 'assets/images/flags/260-united-kingdom.png');
INSERT INTO `hp_types_room_translations` VALUES (9, 6, 'Sencilla en doble', NULL, 'es', 'assets/images/flags/128-spain.png');
INSERT INTO `hp_types_room_translations` VALUES (10, 6, 'Single in double', NULL, 'en', 'assets/images/flags/260-united-kingdom.png');
INSERT INTO `hp_types_room_translations` VALUES (11, 4, 'Duplex', NULL, 'es', 'assets/images/flags/128-spain.png');
INSERT INTO `hp_types_room_translations` VALUES (12, 4, 'Duplex', NULL, 'en', 'assets/images/flags/260-united-kingdom.png');

-- ----------------------------
-- Table structure for locale
-- ----------------------------
DROP TABLE IF EXISTS `locale`;
CREATE TABLE `locale`  (
  `id` bigint(20) UNSIGNED NOT NULL AUTO_INCREMENT,
  `code` varchar(255) CHARACTER SET utf8mb4 COLLATE utf8mb4_unicode_ci NOT NULL,
  `name` varchar(255) CHARACTER SET utf8mb4 COLLATE utf8mb4_unicode_ci NOT NULL,
  `icon` varchar(255) CHARACTER SET utf8mb4 COLLATE utf8mb4_unicode_ci NOT NULL,
  `active` tinyint(1) NOT NULL DEFAULT 1,
  `created_at` timestamp(0) NULL DEFAULT NULL,
  `updated_at` timestamp(0) NULL DEFAULT NULL,
  PRIMARY KEY (`id`) USING BTREE
) ENGINE = InnoDB AUTO_INCREMENT = 4 CHARACTER SET = utf8mb4 COLLATE = utf8mb4_unicode_ci ROW_FORMAT = Dynamic;

-- ----------------------------
-- Records of locale
-- ----------------------------
INSERT INTO `locale` VALUES (1, 'es', 'Español', 'assets/images/flags/128-spain.png', 1, '2019-12-07 07:04:11', '2019-12-07 07:04:11');
INSERT INTO `locale` VALUES (2, 'en', 'Inglés', 'assets/images/flags/260-united-kingdom.png', 1, '2019-12-07 07:05:22', '2019-12-07 07:05:22');
INSERT INTO `locale` VALUES (3, 'fr', 'Francés', 'assets/images/flags/195-france.png', 0, '2019-12-16 15:41:07', '2019-12-16 15:41:07');

-- ----------------------------
-- Table structure for migrations
-- ----------------------------
DROP TABLE IF EXISTS `migrations`;
CREATE TABLE `migrations`  (
  `id` int(10) UNSIGNED NOT NULL AUTO_INCREMENT,
  `migration` varchar(255) CHARACTER SET utf8mb4 COLLATE utf8mb4_unicode_ci NOT NULL,
  `batch` int(11) NOT NULL,
  PRIMARY KEY (`id`) USING BTREE
) ENGINE = InnoDB AUTO_INCREMENT = 35 CHARACTER SET = utf8mb4 COLLATE = utf8mb4_unicode_ci ROW_FORMAT = Dynamic;

-- ----------------------------
-- Records of migrations
-- ----------------------------
INSERT INTO `migrations` VALUES (1, '2014_10_12_000000_create_users_table', 1);
INSERT INTO `migrations` VALUES (2, '2014_10_12_100000_create_password_resets_table', 1);
INSERT INTO `migrations` VALUES (3, '2019_10_22_132316_create_locale_table', 1);
INSERT INTO `migrations` VALUES (4, '2019_11_22_020217_create_hostal_table', 1);
INSERT INTO `migrations` VALUES (5, '2019_11_27_010404_create_type_room_table', 1);
INSERT INTO `migrations` VALUES (6, '2019_11_27_025621_create_room_table', 1);
INSERT INTO `migrations` VALUES (7, '2019_11_27_031418_create_season_table', 1);
INSERT INTO `migrations` VALUES (8, '2019_11_27_031702_create_hp_season_date_table', 1);
INSERT INTO `migrations` VALUES (9, '2019_11_27_032131_create_hp_price_table', 1);
INSERT INTO `migrations` VALUES (10, '2019_12_01_024033_create_hp_confort_table', 1);
INSERT INTO `migrations` VALUES (11, '2019_12_02_033440_create_hp_image_table', 1);
INSERT INTO `migrations` VALUES (12, '2019_12_03_024434_create_hp_services_table', 1);
INSERT INTO `migrations` VALUES (13, '2016_08_07_152421_modify_users', 2);
INSERT INTO `migrations` VALUES (14, '2016_08_07_152421_table_menus', 2);
INSERT INTO `migrations` VALUES (15, '2016_08_07_152421_table_modules', 2);
INSERT INTO `migrations` VALUES (16, '2016_08_07_152421_table_role_privileges', 2);
INSERT INTO `migrations` VALUES (17, '2016_08_07_152421_table_roles', 2);
INSERT INTO `migrations` VALUES (18, '2019_12_07_173732_upgrade_table_price', 3);
INSERT INTO `migrations` VALUES (19, '2019_12_07_182955_upgrade_table_type_room', 4);
INSERT INTO `migrations` VALUES (20, '2019_12_08_044928_create_hp_category_about_table', 5);
INSERT INTO `migrations` VALUES (21, '2019_12_08_045304_create_hp_about_table', 5);
INSERT INTO `migrations` VALUES (22, '2019_12_08_061844_update_hp_services_table', 6);
INSERT INTO `migrations` VALUES (23, '2019_12_16_035306_create_hp_images_hostal_table', 7);
INSERT INTO `migrations` VALUES (24, '2019_12_18_040626_upgrade_hp_confort_table', 8);
INSERT INTO `migrations` VALUES (25, '2019_12_19_212153_create_hp_politica_table', 9);
INSERT INTO `migrations` VALUES (26, '2019_12_19_212154_upgrade_hp_politica_table', 10);
INSERT INTO `migrations` VALUES (27, '2019_12_19_225306_create_hp_images_services_table', 11);
INSERT INTO `migrations` VALUES (28, '2019_12_21_222940_create_hp_general_text_table', 12);
INSERT INTO `migrations` VALUES (29, '2019_12_22_210907_upgrade_hp_images_hostal_table', 13);
INSERT INTO `migrations` VALUES (30, '2019_12_24_210907_upgrade_hp_images_services_table', 14);
INSERT INTO `migrations` VALUES (31, '2019_12_24_210908_upgrade_hp_images_table', 14);
INSERT INTO `migrations` VALUES (32, '2020_01_10_210908_upgrade_hp_rooms_table', 15);
INSERT INTO `migrations` VALUES (33, '2020_02_09_044356_create_hp_social_table', 16);
INSERT INTO `migrations` VALUES (34, '2020_02_09_210908_upgrade_hp_hostal_table', 17);

-- ----------------------------
-- Table structure for password_resets
-- ----------------------------
DROP TABLE IF EXISTS `password_resets`;
CREATE TABLE `password_resets`  (
  `email` varchar(255) CHARACTER SET utf8mb4 COLLATE utf8mb4_unicode_ci NOT NULL,
  `token` varchar(255) CHARACTER SET utf8mb4 COLLATE utf8mb4_unicode_ci NOT NULL,
  `created_at` timestamp(0) NULL DEFAULT NULL,
  INDEX `password_resets_email_index`(`email`) USING BTREE
) ENGINE = InnoDB CHARACTER SET = utf8mb4 COLLATE = utf8mb4_unicode_ci ROW_FORMAT = Dynamic;

-- ----------------------------
-- Table structure for users
-- ----------------------------
DROP TABLE IF EXISTS `users`;
CREATE TABLE `users`  (
  `id` bigint(20) UNSIGNED NOT NULL AUTO_INCREMENT,
  `name` varchar(255) CHARACTER SET utf8mb4 COLLATE utf8mb4_unicode_ci NOT NULL,
  `email` varchar(255) CHARACTER SET utf8mb4 COLLATE utf8mb4_unicode_ci NOT NULL,
  `email_verified_at` timestamp(0) NULL DEFAULT NULL,
  `password` varchar(255) CHARACTER SET utf8mb4 COLLATE utf8mb4_unicode_ci NOT NULL,
  `remember_token` varchar(100) CHARACTER SET utf8mb4 COLLATE utf8mb4_unicode_ci NULL DEFAULT NULL,
  `created_at` timestamp(0) NULL DEFAULT NULL,
  `updated_at` timestamp(0) NULL DEFAULT NULL,
  `photo` varchar(255) CHARACTER SET utf8mb4 COLLATE utf8mb4_unicode_ci NULL DEFAULT NULL,
  `cb_roles_id` int(11) NOT NULL,
  `ip_address` varchar(45) CHARACTER SET utf8mb4 COLLATE utf8mb4_unicode_ci NULL DEFAULT NULL,
  `user_agent` varchar(255) CHARACTER SET utf8mb4 COLLATE utf8mb4_unicode_ci NULL DEFAULT NULL,
  `login_at` timestamp(0) NULL DEFAULT NULL,
  PRIMARY KEY (`id`) USING BTREE,
  UNIQUE INDEX `users_email_unique`(`email`) USING BTREE
) ENGINE = InnoDB AUTO_INCREMENT = 2 CHARACTER SET = utf8mb4 COLLATE = utf8mb4_unicode_ci ROW_FORMAT = Dynamic;

-- ----------------------------
-- Records of users
-- ----------------------------
INSERT INTO `users` VALUES (1, 'Admin', 'admin@admin.com', NULL, '$2y$10$q3fiEJe9blQEFGYh3qEHc.CT/N38pVfQANCLpnoWayJE96jHVLAZu', NULL, NULL, NULL, 'storage/files/2019/11/27/6f6e3160addf5cb7131686a9bf61fa72.png', 1, '::1', 'Mozilla/5.0 (Windows NT 10.0; Win64; x64) AppleWebKit/537.36 (KHTML, like Gecko) Chrome/79.0.3945.130 Safari/537.36', '2020-02-11 17:14:33');

SET FOREIGN_KEY_CHECKS = 1;
